,Case.ID,CD3D,CD3E,CD3G,File.ID,Sample.ID,Project.ID,Slide.ID,CD3D_01,CD3E_01,CD3G_01,Subtype,subtype_cat,CD3D_a
0,TCGA-CS-4943,-0.4525,-0.4474,-0.6192,6230b97e-9ac8-4575-a8eb-767221a77807,TCGA-CS-4943-01A,TCGA_LGG,TCGA-CS-4943-01Z-00-DX1.npy,0,0,0,LGG_IDHmut-non-codel,1.0,2811.659495
1,TCGA-CS-5393,-1.0473,-0.5143,-0.8513,6246c8c4-3d18-4985-8d35-1eeb251fe664,TCGA-CS-5393-01A,TCGA_LGG,TCGA-CS-5393-01Z-00-DX1.npy,0,0,0,LGG_IDHmut-non-codel,1.0,2230.4729899999998
2,TCGA-CS-5394,-0.8832,-1.3489,-1.3337,1f303026-2282-4f3b-979c-bc70e1c5dde7,TCGA-CS-5394-01A,TCGA_LGG,TCGA-CS-5394-01Z-00-DX1.npy,0,0,0,LGG_IDHmut-non-codel,1.0,1506.8084199999998
3,TCGA-CS-5395,-0.6609,-0.3124,-0.545,24afe6c4-f16e-411d-ae4d-42b8e2026207,TCGA-CS-5395-01A,TCGA_LGG,TCGA-CS-5395-01Z-00-DX1.npy,0,0,0,LGG_IDHwt,0.0,4154.882813
4,TCGA-CS-5396,0.0291,0.2314,-0.9529,13571c98-ec91-4364-b820-8f46fbec9d8a,TCGA-CS-5396-01A,TCGA_LGG,TCGA-CS-5396-01Z-00-DX1.npy,1,1,0,LGG_IDHmut-codel,2.0,4654.456863
5,TCGA-CS-6186,-1.3682,-0.4386,-1.3337,56cda043-738a-45ac-afae-5efc67c6e7b3,TCGA-CS-6186-01A,TCGA_LGG,TCGA-CS-6186-01Z-00-DX1.npy,0,0,0,LGG_IDHwt,0.0,1705.905332
6,TCGA-CS-6188,-0.521,0.3787,0.3083,4576e2ca-1f67-4ff6-9a85-365a5e2ee1fe,TCGA-CS-6188-01A,TCGA_LGG,TCGA-CS-6188-01Z-00-DX1.npy,0,1,1,LGG_IDHwt,0.0,3592.4117490000003
7,TCGA-CS-6290,0.5885,0.8602,0.6455,cba7403e-c44d-4626-9571-b242abcf0680,TCGA-CS-6290-01A,TCGA_LGG,TCGA-CS-6290-01Z-00-DX1.npy,1,1,1,LGG_IDHmut-non-codel,1.0,9765.612511
8,TCGA-CS-6669,-1.3682,-1.3888,-1.3337,51fd3dd3-4fe2-4a58-be9b-851c20294572,TCGA-CS-6669-01A,TCGA_LGG,TCGA-CS-6669-01Z-00-DX1.npy,0,0,0,LGG_IDHwt,0.0,994.3891592
9,TCGA-CS-6670,-1.3682,-1.0459,-0.8797,75779237-30b1-47da-adfc-bd9f5b58a4cd,TCGA-CS-6670-01A,TCGA_LGG,TCGA-CS-6670-01Z-00-DX1.npy,0,0,0,LGG_IDHmut-codel,2.0,418.5172103
10,TCGA-DB-5270,0.1728,0.5194,-0.1094,f57ee5f7-ebd3-48a0-af2a-0754e2e4e118,TCGA-DB-5270-01A,TCGA_LGG,TCGA-DB-5270-01Z-00-DX1.npy,1,1,0,LGG_IDHmut-non-codel,1.0,5571.023851
11,TCGA-DB-5273,0.1031,0.1015,-1.3337,3ce124f8-4b72-42f3-91ca-ccb8986b37ea,TCGA-DB-5273-01A,TCGA_LGG,TCGA-DB-5273-01Z-00-DX1.npy,1,1,0,LGG_IDHmut-non-codel,1.0,6076.599882
12,TCGA-DB-5274,1.8065,1.2568,-1.3337,262844b5-ae82-4053-af3a-9de5a2b07d74,TCGA-DB-5274-01A,TCGA_LGG,TCGA-DB-5274-01Z-00-DX1.npy,1,1,0,LGG_IDHmut-codel,2.0,38670.2015
13,TCGA-DB-5274,1.8065,1.2568,-1.3337,262844b5-ae82-4053-af3a-9de5a2b07d74,TCGA-DB-5274-01A,TCGA_LGG,TCGA-DB-5274-01Z-00-DX2.npy,1,1,0,LGG_IDHmut-codel,2.0,38670.2015
14,TCGA-DB-5275,-0.7120000000000001,-0.1918,-0.3474,ac7511ec-ca9f-4285-a039-65326c538c05,TCGA-DB-5275-01A,TCGA_LGG,TCGA-DB-5275-01Z-00-DX1.npy,0,0,0,LGG_IDHmut-non-codel,1.0,3372.526873
15,TCGA-DB-5277,-1.0834,-0.3072,-0.5769,f5d8dc29-9364-4365-9702-24dc5c04d075,TCGA-DB-5277-01A,TCGA_LGG,TCGA-DB-5277-01Z-00-DX1.npy,0,0,0,LGG_IDHmut-non-codel,1.0,3074.405612
16,TCGA-DB-5278,-0.4821,-0.2109,-0.6473,d594db6b-fc73-409c-abf5-a3db23bc251b,TCGA-DB-5278-01A,TCGA_LGG,TCGA-DB-5278-01Z-00-DX1.npy,0,0,0,LGG_IDHmut-codel,2.0,2738.344898
17,TCGA-DB-5278,-0.4821,-0.2109,-0.6473,d594db6b-fc73-409c-abf5-a3db23bc251b,TCGA-DB-5278-01A,TCGA_LGG,TCGA-DB-5278-01Z-00-DX2.npy,0,0,0,LGG_IDHmut-codel,2.0,2738.344898
18,TCGA-DB-5279,1.0194,1.2052,0.8376,dba62f1a-461d-4e25-8318-2c3fd428dac9,TCGA-DB-5279-01A,TCGA_LGG,TCGA-DB-5279-01Z-00-DX2.npy,1,1,1,LGG_IDHmut-codel,2.0,14230.72011
19,TCGA-DB-5279,1.0194,1.2052,0.8376,dba62f1a-461d-4e25-8318-2c3fd428dac9,TCGA-DB-5279-01A,TCGA_LGG,TCGA-DB-5279-01Z-00-DX1.npy,1,1,1,LGG_IDHmut-codel,2.0,14230.72011
20,TCGA-DB-5280,-1.3682,-0.7386,-0.9057,18bdd9bc-2e72-412b-b0d6-da8d594807af,TCGA-DB-5280-01A,TCGA_LGG,TCGA-DB-5280-01Z-00-DX2.npy,0,0,0,LGG_IDHmut-non-codel,1.0,1083.650602
21,TCGA-DB-5281,-0.4043,0.0758,-0.0451,7914be05-258e-48b0-aa53-2c87cdcafedf,TCGA-DB-5281-01A,TCGA_LGG,TCGA-DB-5281-01Z-00-DX1.npy,0,1,0,LGG_IDHmut-non-codel,1.0,3516.775164
22,TCGA-DB-5281,-0.4043,0.0758,-0.0451,7914be05-258e-48b0-aa53-2c87cdcafedf,TCGA-DB-5281-01A,TCGA_LGG,TCGA-DB-5281-01Z-00-DX2.npy,0,1,0,LGG_IDHmut-non-codel,1.0,3516.775164
23,TCGA-DB-A4X9,-1.3682,-0.9877,-1.3337,10afbaca-228a-4c61-b650-ccebe3eefeed,TCGA-DB-A4X9-01A,TCGA_LGG,TCGA-DB-A4X9-01Z-00-DX2.npy,0,0,0,LGG_IDHmut-non-codel,1.0,1125.086245
24,TCGA-DB-A4X9,-1.3682,-0.9877,-1.3337,10afbaca-228a-4c61-b650-ccebe3eefeed,TCGA-DB-A4X9-01A,TCGA_LGG,TCGA-DB-A4X9-01Z-00-DX1.npy,0,0,0,LGG_IDHmut-non-codel,1.0,1125.086245
25,TCGA-DB-A4XA,0.0158,0.7706,-0.708,1d3837e7-8689-4ac1-b199-aaa7ece45305,TCGA-DB-A4XA-01A,TCGA_LGG,TCGA-DB-A4XA-01Z-00-DX1.npy,1,1,0,LGG_IDHmut-codel,2.0,9693.440403
26,TCGA-DB-A4XA,0.0158,0.7706,-0.708,1d3837e7-8689-4ac1-b199-aaa7ece45305,TCGA-DB-A4XA-01A,TCGA_LGG,TCGA-DB-A4XA-01Z-00-DX2.npy,1,1,0,LGG_IDHmut-codel,2.0,9693.440403
27,TCGA-DB-A4XB,0.2079,0.0465,-1.3337,2d030f01-351c-492e-b98a-2945f56092c5,TCGA-DB-A4XB-01A,TCGA_LGG,TCGA-DB-A4XB-01Z-00-DX2.npy,1,1,0,LGG_IDHmut-non-codel,1.0,5180.661167
28,TCGA-DB-A4XC,-1.3682,-0.2589,-1.3337,2d10a148-6fec-4fd0-9719-6a7d65907169,TCGA-DB-A4XC-01A,TCGA_LGG,TCGA-DB-A4XC-01Z-00-DX2.npy,0,0,0,LGG_IDHmut-non-codel,1.0,1347.216852
29,TCGA-DB-A4XD,-1.3682,-0.9093,-0.7777,784ad249-1c3d-49fa-8ee8-d5db7df55161,TCGA-DB-A4XD-01A,TCGA_LGG,TCGA-DB-A4XD-01Z-00-DX1.npy,0,0,0,LGG_IDHmut-non-codel,1.0,522.0934957
30,TCGA-DB-A4XE,-1.0116,-1.9298,-1.3337,0bbeea2d-a63c-4b21-91fa-1504d20f1f81,TCGA-DB-A4XE-01A,TCGA_LGG,TCGA-DB-A4XE-01Z-00-DX2.npy,0,0,0,LGG_IDHmut-non-codel,1.0,494.96552010000005
31,TCGA-DB-A4XG,-1.3682,-1.9298,-1.3337,467db527-d318-4e18-8f08-35b942040125,TCGA-DB-A4XG-01A,TCGA_LGG,TCGA-DB-A4XG-01Z-00-DX1.npy,0,0,0,LGG_IDHmut-codel,2.0,398.9719291
32,TCGA-DB-A4XH,-0.9520000000000001,-1.1133,-1.3337,b5d063d4-934e-42da-9618-8b73cb44545d,TCGA-DB-A4XH-01A,TCGA_LGG,TCGA-DB-A4XH-01Z-00-DX1.npy,0,0,0,LGG_IDHmut-codel,2.0,1822.6492420000002
33,TCGA-DB-A64O,-0.6918,-0.7445,-1.3337,9f95be40-9baa-4ff2-9f75-418c94f09720,TCGA-DB-A64O-01A,TCGA_LGG,TCGA-DB-A64O-01Z-00-DX1.npy,0,0,0,LGG_IDHwt,0.0,1705.2297260000003
34,TCGA-DB-A64R,-1.3682,-1.1796,-0.3695,1d52eea7-7e3c-44d7-b43a-8eaea8766f68,TCGA-DB-A64R-01A,TCGA_LGG,TCGA-DB-A64R-01Z-00-DX1.npy,0,0,0,LGG_IDHmut-codel,2.0,0.0
35,TCGA-DB-A64S,-0.0675,-0.0178,-1.3337,9deb179e-1154-4b33-a4a3-51c15959c39d,TCGA-DB-A64S-01A,TCGA_LGG,TCGA-DB-A64S-01Z-00-DX1.npy,0,0,0,LGG_IDHmut-non-codel,1.0,6488.567212
36,TCGA-DB-A64U,-0.6431,-1.9298,-1.3337,3959d9fd-6fae-4605-b489-43838fdb07bf,TCGA-DB-A64U-01A,TCGA_LGG,TCGA-DB-A64U-01Z-00-DX1.npy,0,0,0,LGG_IDHmut-codel,2.0,2060.737561
37,TCGA-DB-A64V,1.1840000000000002,1.5635,0.792,92641cec-0876-4c46-98fe-7c3934702305,TCGA-DB-A64V-01A,TCGA_LGG,TCGA-DB-A64V-01Z-00-DX1.npy,1,1,1,LGG_IDHmut-codel,2.0,21042.2163
38,TCGA-DB-A75K,-0.631,-0.825,-1.3337,967388e6-483d-4ca4-963e-9b873d7c93f0,TCGA-DB-A75K-01A,TCGA_LGG,TCGA-DB-A75K-01Z-00-DX2.npy,0,0,0,LGG_IDHmut-codel,2.0,1619.904085
39,TCGA-DB-A75K,-0.631,-0.825,-1.3337,967388e6-483d-4ca4-963e-9b873d7c93f0,TCGA-DB-A75K-01A,TCGA_LGG,TCGA-DB-A75K-01Z-00-DX1.npy,0,0,0,LGG_IDHmut-codel,2.0,1619.904085
40,TCGA-DB-A75L,-1.0503,-1.9298,-1.3337,ba9ba27d-41ed-4158-9ed2-89f1f567f82c,TCGA-DB-A75L-01A,TCGA_LGG,TCGA-DB-A75L-01Z-00-DX1.npy,0,0,0,LGG_IDHmut-non-codel,1.0,413.37414160000003
41,TCGA-DB-A75P,0.9185,1.9584,0.3723,010548a8-31f6-4551-be9a-09ee245e3bac,TCGA-DB-A75P-01A,TCGA_LGG,TCGA-DB-A75P-01Z-00-DX1.npy,1,1,1,LGG_IDHwt,0.0,15880.885419999999
42,TCGA-DB-A75P,0.9185,1.9584,0.3723,010548a8-31f6-4551-be9a-09ee245e3bac,TCGA-DB-A75P-01A,TCGA_LGG,TCGA-DB-A75P-01Z-00-DX2.npy,1,1,1,LGG_IDHwt,0.0,15880.885419999999
43,TCGA-DH-5140,0.6529,0.8524,0.7223,f409450d-e3fb-4945-8ebe-97755b2411b2,TCGA-DH-5140-01A,TCGA_LGG,TCGA-DH-5140-01Z-00-DX1.npy,1,1,1,LGG_IDHwt,0.0,12422.5034
44,TCGA-DH-5141,-0.8372,-0.2575,-1.3337,8ae345c1-7c7f-4374-8189-d54363f348a9,TCGA-DH-5141-01A,TCGA_LGG,TCGA-DH-5141-01Z-00-DX1.npy,0,0,0,LGG_IDHmut-codel,2.0,1642.3019199999999
45,TCGA-DH-5144,-0.7356,0.1535,-0.6351,4e491cae-6144-49f2-ab33-7f628bbdaaf0,TCGA-DH-5144-01A,TCGA_LGG,TCGA-DH-5144-01Z-00-DX1.npy,0,1,0,LGG_IDHmut-codel,2.0,3953.485447
46,TCGA-DH-A669,0.7916,0.9461,0.1924,4c5227a1-d832-44dc-a849-81446bc60b23,TCGA-DH-A669-01A,TCGA_LGG,TCGA-DH-A669-01Z-00-DX1.npy,1,1,1,LGG_IDHmut-codel,2.0,12588.88308
47,TCGA-DH-A66B,0.1084,0.7252,-0.4699,61785ca0-1800-420e-8c26-f70e1dea5c76,TCGA-DH-A66B-01A,TCGA_LGG,TCGA-DH-A66B-01Z-00-DX1.npy,1,1,0,LGG_IDHmut-non-codel,1.0,7438.859837000001
48,TCGA-DH-A66D,-0.1293,0.2116,-1.3337,82dfff09-e693-4a3e-a625-e51d22236411,TCGA-DH-A66D-01A,TCGA_LGG,TCGA-DH-A66D-01Z-00-DX1.npy,0,1,0,LGG_IDHmut-non-codel,1.0,6118.23099
49,TCGA-DH-A66F,-1.0013,-0.4039,-1.3337,4bf81b2c-0ebb-4971-b655-7c1ee9271f77,TCGA-DH-A66F-01A,TCGA_LGG,TCGA-DH-A66F-01Z-00-DX1.npy,0,0,0,LGG_IDHmut-codel,2.0,2606.6745730000002
50,TCGA-DH-A66G,0.6942,0.7286,0.1009,3558da16-e180-47a7-b4e1-0a6c8fa11998,TCGA-DH-A66G-01A,TCGA_LGG,TCGA-DH-A66G-01Z-00-DX1.npy,1,1,1,LGG_IDHmut-non-codel,1.0,10233.95757
51,TCGA-DH-A7UR,-1.3682,-0.5288,-0.86,b24d79e5-72b5-4052-93b6-69927c5f9161,TCGA-DH-A7UR-01A,TCGA_LGG,TCGA-DH-A7UR-01Z-00-DX1.npy,0,0,0,LGG_IDHmut-codel,2.0,1705.398578
52,TCGA-DH-A7US,-0.8079999999999999,-0.2504,-0.8512,7a789d82-cf04-4417-a5e4-67b62b698647,TCGA-DH-A7US-01A,TCGA_LGG,TCGA-DH-A7US-01Z-00-DX1.npy,0,0,0,LGG_IDHmut-codel,2.0,1761.9253440000002
53,TCGA-DH-A7UT,-0.9365,-1.0894,-1.3337,1f471940-9cf2-4199-94c5-9ad57ad62a6d,TCGA-DH-A7UT-01A,TCGA_LGG,TCGA-DH-A7UT-01Z-00-DX1.npy,0,0,0,LGG_IDHmut-non-codel,1.0,1184.513084
54,TCGA-DH-A7UV,-1.0625,-1.1558,-0.8742,ad958d58-2aa2-4339-a2ea-e2ff86510f8d,TCGA-DH-A7UV-01A,TCGA_LGG,TCGA-DH-A7UV-01Z-00-DX1.npy,0,0,0,LGG_IDHmut-non-codel,1.0,815.24284
55,TCGA-DU-5847,2.2558,2.1222,2.6884,0b345fbf-256d-4695-b087-e7d3fdf926b0,TCGA-DU-5847-01A,TCGA_LGG,TCGA-DU-5847-01Z-00-DX1.npy,1,1,1,LGG_IDHwt,0.0,52731.94081
56,TCGA-DU-5849,0.1472,0.6182,-0.6573,88fcc6df-687b-478a-a8cb-6e2bafb2e53b,TCGA-DU-5849-01A,TCGA_LGG,TCGA-DU-5849-01Z-00-DX1.npy,1,1,0,LGG_IDHmut-codel,2.0,6506.051767
57,TCGA-DU-5852,1.0028,0.7796,0.6947,efe38026-160c-4ac3-b744-c7c77a8d342c,TCGA-DU-5852-01A,TCGA_LGG,TCGA-DU-5852-01Z-00-DX1.npy,1,1,1,LGG_IDHwt,0.0,15301.013
58,TCGA-DU-5853,0.9978,1.7832,1.9774,372018ef-05c8-4d6b-b66d-9bae61af902e,TCGA-DU-5853-01A,TCGA_LGG,TCGA-DU-5853-01Z-00-DX1.npy,1,1,1,LGG_IDHmut-non-codel,1.0,20319.7099
59,TCGA-DU-5854,0.8918,1.4017,1.2902,a0cc109e-22da-4113-a63e-7a2392835d01,TCGA-DU-5854-01A,TCGA_LGG,TCGA-DU-5854-01Z-00-DX1.npy,1,1,1,LGG_IDHwt,0.0,21272.00988
60,TCGA-DU-5870,-0.5183,-0.2409,-0.2844,86dfb345-d2b8-4c26-909c-34a0fd02314d,TCGA-DU-5870-01A,TCGA_LGG,TCGA-DU-5870-01Z-00-DX1.npy,0,0,0,LGG_IDHmut-codel,2.0,3203.649598
61,TCGA-DU-5871,-1.3682,-0.5344,-1.3337,fad4f14e-1d67-4906-9f99-63d672d1383e,TCGA-DU-5871-01A,TCGA_LGG,TCGA-DU-5871-01Z-00-DX1.npy,0,0,0,LGG_IDHmut-non-codel,1.0,825.9553154
62,TCGA-DU-5872,0.2478,0.6859999999999999,0.5572,d568a3c8-2051-48e7-920e-0aae0ee4baa3,TCGA-DU-5872-01A,TCGA_LGG,TCGA-DU-5872-01Z-00-DX1.npy,1,1,1,LGG_IDHmut-non-codel,1.0,11090.2786
63,TCGA-DU-5874,-0.5176,-1.1789,-0.6807,394a0b14-8319-4f97-b5dc-1cec60dcb1a2,TCGA-DU-5874-01A,TCGA_LGG,TCGA-DU-5874-01Z-00-DX1.npy,0,0,0,LGG_IDHmut-codel,2.0,2527.749356
64,TCGA-DU-6392,0.9155,0.775,0.3198,9b9e6c00-767d-4180-9028-79dad13df922,TCGA-DU-6392-01A,TCGA_LGG,TCGA-DU-6392-01Z-00-DX1.npy,1,1,1,LGG_IDHwt,0.0,12828.48203
65,TCGA-DU-6393,-1.3682,-0.4823,-0.1534,9ea40411-6e90-44e7-9f7c-974b8213871c,TCGA-DU-6393-01A,TCGA_LGG,TCGA-DU-6393-01Z-00-DX1.npy,0,0,0,LGG_IDHmut-codel,2.0,560.4927179
66,TCGA-DU-6394,-1.1462,-1.1357,-1.3337,3c01f9c3-11c5-4568-a181-cfb77aad0c8f,TCGA-DU-6394-01A,TCGA_LGG,TCGA-DU-6394-01Z-00-DX1.npy,0,0,0,LGG_IDHmut-codel,2.0,1156.28199
67,TCGA-DU-6403,0.4685,0.614,0.1071,88dc350a-4184-488e-94ad-60451e0d5f1b,TCGA-DU-6403-01A,TCGA_LGG,TCGA-DU-6403-01Z-00-DX1.npy,1,1,1,LGG_IDHwt,0.0,8041.604967
68,TCGA-DU-6404,0.278,0.7608,0.9956,b3b73cd0-846e-4ad3-a82d-4232c0d1af11,TCGA-DU-6404-01A,TCGA_LGG,TCGA-DU-6404-01Z-00-DX1.npy,1,1,1,LGG_IDHwt,0.0,9150.690831
69,TCGA-DU-6405,0.1113,0.1452,-0.5906,68a42f03-465e-4c83-bdd3-28db6f3f535a,TCGA-DU-6405-01A,TCGA_LGG,TCGA-DU-6405-01Z-00-DX1.npy,1,1,0,LGG_IDHwt,0.0,3839.393292
70,TCGA-DU-6406,0.8142,0.2802,-0.183,2dd62c64-3350-450f-82b2-782b1bb34254,TCGA-DU-6406-01A,TCGA_LGG,TCGA-DU-6406-01Z-00-DX1.npy,1,1,0,LGG_IDHwt,0.0,13159.44148
71,TCGA-DU-6542,-0.6185,-0.3481,-0.2068,ca75ddc9-e22e-4e73-a59f-32c52848c08f,TCGA-DU-6542-01A,TCGA_LGG,TCGA-DU-6542-01Z-00-DX1.npy,0,0,0,LGG_IDHmut-non-codel,1.0,3067.053568
72,TCGA-DU-7006,1.3185,1.4365,1.2553,41296be4-78e9-475f-9067-8859ac41082a,TCGA-DU-7006-01A,TCGA_LGG,TCGA-DU-7006-01Z-00-DX1.npy,1,1,1,LGG_IDHwt,0.0,25197.981330000002
73,TCGA-DU-7007,1.7009,1.8705,2.1976,0792e60a-b38c-4ae5-bd70-b44fa8a2465f,TCGA-DU-7007-01A,TCGA_LGG,TCGA-DU-7007-01Z-00-DX1.npy,1,1,1,LGG_IDHmut-non-codel,1.0,37158.57739
74,TCGA-DU-7008,-1.3682,-0.3329,-1.003,45951a35-db4c-4857-8d4c-a7446338d4f5,TCGA-DU-7008-01A,TCGA_LGG,TCGA-DU-7008-01Z-00-DX1.npy,0,0,0,LGG_IDHmut-non-codel,1.0,1137.044975
75,TCGA-DU-7009,-1.1194,-0.8352,-1.3337,6a623914-a552-4aef-b583-48a7eed3a540,TCGA-DU-7009-01A,TCGA_LGG,TCGA-DU-7009-01Z-00-DX1.npy,0,0,0,LGG_IDHmut-codel,2.0,2941.501862
76,TCGA-DU-7010,-1.1188,-0.2312,-0.9588,62c8d206-bd20-4bf1-93f0-169aa0c5ebab,TCGA-DU-7010-01A,TCGA_LGG,TCGA-DU-7010-01Z-00-DX1.npy,0,0,0,LGG_IDHmut-non-codel,1.0,634.3112932999999
77,TCGA-DU-7011,-0.366,0.4655,-0.2582,aeda46a8-63e3-490c-aa3c-0ea3be7cd17c,TCGA-DU-7011-01A,TCGA_LGG,TCGA-DU-7011-01Z-00-DX1.npy,0,1,0,LGG_IDHmut-non-codel,1.0,5669.664299
78,TCGA-DU-7014,-0.9153,-0.1245,-1.3337,95fcc26d-050b-4baf-bcb0-d6b387b01241,TCGA-DU-7014-01A,TCGA_LGG,TCGA-DU-7014-01Z-00-DX1.npy,0,0,0,,,2371.9159059999997
79,TCGA-DU-7015,0.7424,0.4666,0.264,c7997978-c1c8-4232-9247-8c24052c0e5b,TCGA-DU-7015-01A,TCGA_LGG,TCGA-DU-7015-01Z-00-DX1.npy,1,1,1,LGG_IDHmut-non-codel,1.0,12188.13306
80,TCGA-DU-7019,-0.32899999999999996,0.3325,-0.3484,8aad3f57-6b77-4a4d-b59c-1f9d0184040b,TCGA-DU-7019-01A,TCGA_LGG,TCGA-DU-7019-01Z-00-DX1.npy,0,1,0,LGG_IDHmut-non-codel,1.0,5184.027419
81,TCGA-DU-7290,1.454,1.4606,2.036,0d6531c1-b9ff-45ae-a942-45b149b72f79,TCGA-DU-7290-01A,TCGA_LGG,TCGA-DU-7290-01Z-00-DX1.npy,1,1,1,LGG_IDHwt,0.0,22201.50852
82,TCGA-DU-7292,-0.9005,-0.1249,0.0245,a60826c1-3dcc-45d3-b583-2cfd9071e433,TCGA-DU-7292-01A,TCGA_LGG,TCGA-DU-7292-01Z-00-DX1.npy,0,0,1,LGG_IDHwt,0.0,3114.308891
83,TCGA-DU-7294,-0.8824,-1.107,-0.6034,92a2daf0-2b79-42ef-880d-e3c5d1b82d96,TCGA-DU-7294-01A,TCGA_LGG,TCGA-DU-7294-01Z-00-DX1.npy,0,0,0,LGG_IDHmut-codel,2.0,747.1939365000001
84,TCGA-DU-7298,-0.7732,-0.4801,-0.2336,f59956e9-ae93-4177-9c28-742fe2dda042,TCGA-DU-7298-01A,TCGA_LGG,TCGA-DU-7298-01Z-00-DX1.npy,0,0,0,LGG_IDHmut-non-codel,1.0,940.6579652
85,TCGA-DU-7300,0.7738,1.0901,0.223,ac0b1b5b-9a77-4ccf-88f1-d217e42a7eb3,TCGA-DU-7300-01A,TCGA_LGG,TCGA-DU-7300-01Z-00-DX1.npy,1,1,1,LGG_IDHmut-codel,2.0,13281.45787
86,TCGA-DU-7301,-0.5441,-0.2353,-0.3184,5ef5abc3-1fb8-4dd9-9ca2-d86e9de6aaf2,TCGA-DU-7301-01A,TCGA_LGG,TCGA-DU-7301-01Z-00-DX1.npy,0,0,0,LGG_IDHmut-non-codel,1.0,3539.9055020000005
87,TCGA-DU-7302,-1.0906,-1.2109,-1.3337,afe51151-cd90-4bce-b338-83cc2209b1f2,TCGA-DU-7302-01A,TCGA_LGG,TCGA-DU-7302-01Z-00-DX1.npy,0,0,0,LGG_IDHmut-codel,2.0,1118.65551
88,TCGA-DU-7304,-0.863,0.2574,-0.3069,153fabab-7bbd-4adf-8456-323722333c73,TCGA-DU-7304-01A,TCGA_LGG,TCGA-DU-7304-01Z-00-DX1.npy,0,1,0,LGG_IDHmut-non-codel,1.0,2609.9701609999997
89,TCGA-DU-7309,-1.3682,-0.3242,-0.6232,cdc34dc1-a524-45ff-8940-53bd5431aeae,TCGA-DU-7309-01A,TCGA_LGG,TCGA-DU-7309-01Z-00-DX1.npy,0,0,0,LGG_IDHmut-non-codel,1.0,348.86607189999995
90,TCGA-DU-8161,2.2013,2.2111,3.2073,e0fe5568-c927-474f-8012-8a1e559524a3,TCGA-DU-8161-01A,TCGA_LGG,TCGA-DU-8161-01Z-00-DX1.npy,1,1,1,LGG_IDHwt,0.0,54654.96411
91,TCGA-DU-8162,-0.8794,-0.2936,-0.3376,eeee4757-b214-4a6c-a997-13de7f514bc9,TCGA-DU-8162-01A,TCGA_LGG,TCGA-DU-8162-01Z-00-DX1.npy,0,0,0,LGG_IDHwt,0.0,3259.702686
92,TCGA-DU-8163,1.3287,1.1282,0.5831,4d3fea33-af92-4b9f-92db-5d9dafdbcb32,TCGA-DU-8163-01A,TCGA_LGG,TCGA-DU-8163-01Z-00-DX1.npy,1,1,1,LGG_IDHmut-non-codel,1.0,20675.12646
93,TCGA-DU-8164,-1.1353,-1.3035,-1.3337,662bd1d9-9d18-4165-b531-ce1885d694ca,TCGA-DU-8164-01A,TCGA_LGG,TCGA-DU-8164-01Z-00-DX1.npy,0,0,0,LGG_IDHmut-codel,2.0,301.47773839999996
94,TCGA-DU-8166,-0.4685,-0.6173,-1.3337,2ae2b86c-aee1-4727-9f00-df523451326c,TCGA-DU-8166-01A,TCGA_LGG,TCGA-DU-8166-01Z-00-DX1.npy,0,0,0,LGG_IDHmut-non-codel,1.0,2375.467797
95,TCGA-DU-8167,-0.0752,0.136,0.2693,0b24697d-ed09-40b5-802b-a87027d630b6,TCGA-DU-8167-01A,TCGA_LGG,TCGA-DU-8167-01Z-00-DX1.npy,0,1,1,LGG_IDHmut-non-codel,1.0,4553.410596
96,TCGA-DU-8168,-0.6336,-1.2813,-1.3337,561c5117-395b-4312-a645-8c08090cbb74,TCGA-DU-8168-01A,TCGA_LGG,TCGA-DU-8168-01Z-00-DX1.npy,0,0,0,LGG_IDHmut-codel,2.0,1702.148044
97,TCGA-DU-A5TP,0.2486,1.179,1.1987,06322d8f-12ff-403c-a377-2b886b0f6104,TCGA-DU-A5TP-01A,TCGA_LGG,TCGA-DU-A5TP-01Z-00-DX1.npy,1,1,1,LGG_IDHmut-non-codel,1.0,9470.02579
98,TCGA-DU-A5TS,-1.3682,-1.2556,-1.3337,1be836c2-da2a-4637-a8a5-9665ef0d6d69,TCGA-DU-A5TS-01A,TCGA_LGG,TCGA-DU-A5TS-01Z-00-DX1.npy,0,0,0,LGG_IDHmut-non-codel,1.0,0.0
99,TCGA-DU-A5TT,-1.0283,-0.2977,-1.3337,97d1e6b9-70d7-4cd2-90c4-889fbcebe303,TCGA-DU-A5TT-01A,TCGA_LGG,TCGA-DU-A5TT-01Z-00-DX1.npy,0,0,0,LGG_IDHwt,0.0,4159.654952000001
100,TCGA-DU-A5TU,-0.7876,-0.2627,-1.3337,b655f6df-5418-49a4-9b29-17043a3aea60,TCGA-DU-A5TU-01A,TCGA_LGG,TCGA-DU-A5TU-01Z-00-DX1.npy,0,0,0,LGG_IDHmut-non-codel,1.0,3783.9877479999996
101,TCGA-DU-A5TW,-1.0215,-1.6237,-1.3337,1a6c937f-511b-4f71-90c4-e53df3061468,TCGA-DU-A5TW-01A,TCGA_LGG,TCGA-DU-A5TW-01Z-00-DX1.npy,0,0,0,LGG_IDHmut-non-codel,1.0,492.1930795
102,TCGA-DU-A6S2,-0.7652,-0.6612,-1.3337,08f2000a-95db-4a15-bfde-b37f7a2b4a5a,TCGA-DU-A6S2-01A,TCGA_LGG,TCGA-DU-A6S2-01Z-00-DX1.npy,0,0,0,LGG_IDHmut-codel,2.0,1828.713128
103,TCGA-DU-A6S3,-1.3682,-0.1909,-0.7562,c6e221d3-49d3-4385-8e77-9142641ad5e2,TCGA-DU-A6S3-01A,TCGA_LGG,TCGA-DU-A6S3-01Z-00-DX1.npy,0,0,0,LGG_IDHmut-codel,2.0,536.402773
104,TCGA-DU-A6S6,-0.9979,-1.1855,-1.3337,c515c03d-db74-413c-bd58-cca163a1be64,TCGA-DU-A6S6-01A,TCGA_LGG,TCGA-DU-A6S6-01Z-00-DX1.npy,0,0,0,LGG_IDHmut-codel,2.0,1011.2036310000001
105,TCGA-DU-A6S7,-1.3682,-0.6903,-1.3337,503426fe-6d4b-4593-aa37-27d73aadc160,TCGA-DU-A6S7-01A,TCGA_LGG,TCGA-DU-A6S7-01Z-00-DX1.npy,0,0,0,LGG_IDHmut-non-codel,1.0,452.2799432
106,TCGA-DU-A6S8,-0.7719,-0.10300000000000001,-0.1386,5571d661-ffdb-42ca-97d8-99c41948086a,TCGA-DU-A6S8-01A,TCGA_LGG,TCGA-DU-A6S8-01Z-00-DX1.npy,0,0,0,LGG_IDHmut-codel,2.0,1415.7294140000001
107,TCGA-DU-A76K,0.1327,0.4775,-0.935,b586b3a2-03c6-42f8-9ad9-c8b9a46289db,TCGA-DU-A76K-01A,TCGA_LGG,TCGA-DU-A76K-01Z-00-DX1.npy,1,1,0,LGG_IDHwt,0.0,4847.597172
108,TCGA-DU-A76L,1.1714,0.987,0.6484,05f8d6f1-4c88-4686-9902-7169a2bf50db,TCGA-DU-A76L-01A,TCGA_LGG,TCGA-DU-A76L-01Z-00-DX1.npy,1,1,1,LGG_IDHwt,0.0,17821.6269
109,TCGA-DU-A76O,-0.5469,-0.3622,-1.3337,ace7f20d-f036-4b77-9c18-1c1601ea6074,TCGA-DU-A76O-01A,TCGA_LGG,TCGA-DU-A76O-01Z-00-DX1.npy,0,0,0,LGG_IDHmut-non-codel,1.0,2466.88728
110,TCGA-DU-A7T6,0.877,0.6037,0.114,5efc2a3a-2717-4a9c-9447-122a8eaad45d,TCGA-DU-A7T6-01A,TCGA_LGG,TCGA-DU-A7T6-01Z-00-DX1.npy,1,1,1,LGG_IDHmut-codel,2.0,12686.22587
111,TCGA-DU-A7T8,0.6648,0.607,-0.0642,dd1f3b2c-ef76-4b7d-bb60-3360bbdd50c3,TCGA-DU-A7T8-01A,TCGA_LGG,TCGA-DU-A7T8-01Z-00-DX1.npy,1,1,0,LGG_IDHmut-non-codel,1.0,10047.418020000001
112,TCGA-DU-A7TA,-0.8138,0.2602,-1.3337,2940939e-5e68-4c25-8b23-302ac52a6edb,TCGA-DU-A7TA-01A,TCGA_LGG,TCGA-DU-A7TA-01Z-00-DX1.npy,0,1,0,LGG_IDHmut-non-codel,1.0,1654.44959
113,TCGA-DU-A7TB,-1.3682,-1.0671,-1.3337,4aa2c24a-823f-47ee-8e97-381f69f9df80,TCGA-DU-A7TB-01A,TCGA_LGG,TCGA-DU-A7TB-01Z-00-DX1.npy,0,0,0,LGG_IDHwt,0.0,0.0
114,TCGA-DU-A7TC,-0.8216,-1.2815,-1.3337,6af44dc4-d7b6-4dd7-a192-43cfee4cb3e1,TCGA-DU-A7TC-01A,TCGA_LGG,TCGA-DU-A7TC-01Z-00-DX1.npy,0,0,0,LGG_IDHmut-non-codel,1.0,1284.518216
115,TCGA-DU-A7TG,0.0064,-0.3037,-1.3337,431f9465-9400-4001-ad91-a7cb325b9fee,TCGA-DU-A7TG-01A,TCGA_LGG,TCGA-DU-A7TG-01Z-00-DX1.npy,1,0,0,LGG_IDHmut-non-codel,1.0,3489.226142
116,TCGA-DU-A7TI,-1.3682,-0.45899999999999996,-0.8174,612a3bfb-4193-46d5-9330-163b58bd6267,TCGA-DU-A7TI-01A,TCGA_LGG,TCGA-DU-A7TI-01Z-00-DX1.npy,0,0,0,,,892.9292947
117,TCGA-DU-A7TJ,0.1969,0.5536,-0.6214,2a843530-def0-4edc-8ee7-daed7c8364c4,TCGA-DU-A7TJ-01A,TCGA_LGG,TCGA-DU-A7TJ-01Z-00-DX1.npy,1,1,0,LGG_IDHwt,0.0,5927.841432
118,TCGA-E1-A7YE,0.3026,-0.1175,-0.6252,e7a2aa88-982e-4457-a7e8-f1db503272db,TCGA-E1-A7YE-01A,TCGA_LGG,TCGA-E1-A7YE-01Z-00-DX1.npy,1,0,0,LGG_IDHmut-non-codel,1.0,5783.579804999999
119,TCGA-E1-A7YH,-1.0618,-0.7592,-1.3337,cd17be15-a255-4d37-b16c-405135515ad1,TCGA-E1-A7YH-01A,TCGA_LGG,TCGA-E1-A7YH-01Z-00-DX1.npy,0,0,0,LGG_IDHmut-non-codel,1.0,1233.137487
120,TCGA-E1-A7YI,-0.5701,-0.3923,-0.134,2c499277-dc30-4395-a0e7-eeec4f96fece,TCGA-E1-A7YI-01A,TCGA_LGG,TCGA-E1-A7YI-01Z-00-DX1.npy,0,0,0,LGG_IDHmut-non-codel,1.0,2841.111883
121,TCGA-E1-A7YJ,1.1934,1.2942,0.4647,839ee814-b0e9-4ff2-84fc-e98ecf11463d,TCGA-E1-A7YJ-01A,TCGA_LGG,TCGA-E1-A7YJ-01Z-00-DX1.npy,1,1,1,LGG_IDHwt,0.0,15685.628630000001
122,TCGA-E1-A7YL,2.0328,1.9603,1.7409999999999999,12bd69f5-477b-4ba5-a5ac-d481d6f2b034,TCGA-E1-A7YL-01A,TCGA_LGG,TCGA-E1-A7YL-01Z-00-DX1.npy,1,1,1,LGG_IDHwt,0.0,41707.460139999996
123,TCGA-E1-A7YM,-0.7189,-0.0591,-1.3337,62665c4f-5965-4912-aefe-60dffa8ab41d,TCGA-E1-A7YM-01A,TCGA_LGG,TCGA-E1-A7YM-01Z-00-DX1.npy,0,0,0,LGG_IDHwt,0.0,2095.233605
124,TCGA-E1-A7YN,2.8085,2.8739999999999997,3.2581,300b0310-3de1-47fb-b772-4659a01d53fe,TCGA-E1-A7YN-01A,TCGA_LGG,TCGA-E1-A7YN-01Z-00-DX1.npy,1,1,1,LGG_IDHwt,0.0,104110.3123
125,TCGA-E1-A7YO,-1.3682,-0.782,-0.8336,3ae4b2e0-7bdb-4980-942b-63c2080990c2,TCGA-E1-A7YO-01A,TCGA_LGG,TCGA-E1-A7YO-01Z-00-DX1.npy,0,0,0,LGG_IDHmut-codel,2.0,431.0878113
126,TCGA-E1-A7YS,-1.3682,-1.3117,-0.2813,466493cb-0010-4dc9-a079-8849a40d901f,TCGA-E1-A7YS-01A,TCGA_LGG,TCGA-E1-A7YS-01Z-00-DX1.npy,0,0,0,LGG_IDHmut-codel,2.0,1128.329418
127,TCGA-E1-A7YV,-0.1246,0.037000000000000005,-0.8018,9359bb6d-4f66-4294-bc90-6399017f06b9,TCGA-E1-A7YV-01A,TCGA_LGG,TCGA-E1-A7YV-01Z-00-DX2.npy,0,1,0,LGG_IDHmut-non-codel,1.0,6271.966582999999
128,TCGA-E1-A7YW,-1.0103,-1.058,-1.3337,0728e690-e97f-4da8-a1d3-47dc60f38291,TCGA-E1-A7YW-01A,TCGA_LGG,TCGA-E1-A7YW-01Z-00-DX1.npy,0,0,0,LGG_IDHmut-non-codel,1.0,1378.266664
129,TCGA-E1-A7YY,-1.3682,-1.2922,-0.8739,5800e6fc-280d-4250-9c73-5d7638963918,TCGA-E1-A7YY-01A,TCGA_LGG,TCGA-E1-A7YY-01Z-00-DX1.npy,0,0,0,LGG_IDHmut-non-codel,1.0,804.2034103999999
130,TCGA-E1-A7Z2,-1.3682,-1.6425,-1.3337,708ebec5-c6d1-4a55-94f6-e4baee507b4a,TCGA-E1-A7Z2-01A,TCGA_LGG,TCGA-E1-A7Z2-01Z-00-DX1.npy,0,0,0,LGG_IDHwt,0.0,445.2181842
131,TCGA-E1-A7Z3,-0.9862,-0.5885,-0.0347,3a5d1c4b-6cc5-4a75-8b34-ecc50d21c290,TCGA-E1-A7Z3-01A,TCGA_LGG,TCGA-E1-A7Z3-01Z-00-DX1.npy,0,0,0,LGG_IDHmut-non-codel,1.0,3186.264227
132,TCGA-E1-A7Z4,-1.037,-1.1073,-1.3337,8bf9db40-06a5-4820-aeb6-4627135904b8,TCGA-E1-A7Z4-01A,TCGA_LGG,TCGA-E1-A7Z4-01Z-00-DX2.npy,0,0,0,LGG_IDHmut-non-codel,1.0,2297.111107
133,TCGA-E1-A7Z6,-1.0032,-0.5464,-0.785,4d94d177-acc3-4a96-86f3-c86c0a60abf2,TCGA-E1-A7Z6-01A,TCGA_LGG,TCGA-E1-A7Z6-01Z-00-DX1.npy,0,0,0,LGG_IDHmut-non-codel,1.0,1540.6864480000002
134,TCGA-EZ-7264,-0.54,-1.1986,-0.7015,c929584c-d01b-4321-b1c3-0109f5aeae4f,TCGA-EZ-7264-01A,TCGA_LGG,TCGA-EZ-7264-01Z-00-DX1.npy,0,0,0,LGG_IDHmut-codel,2.0,2741.517194
135,TCGA-F6-A8O3,-1.1419,-0.5762,-1.3337,bdb7f018-2fa5-49c6-ba06-ee211101e969,TCGA-F6-A8O3-01A,TCGA_LGG,TCGA-F6-A8O3-01Z-00-DX1.npy,0,0,0,LGG_IDHmut-codel,2.0,594.8749736000001
136,TCGA-FG-5964,0.4934,0.9809,-1.3337,9c732077-fdf0-4f06-9402-bf070beb7276,TCGA-FG-5964-01A,TCGA_LGG,TCGA-FG-5964-01Z-00-DX1.npy,1,1,0,LGG_IDHmut-codel,2.0,10456.25767
137,TCGA-FG-5965,0.6099,1.0084,1.1981,9d466485-24ca-40b0-9121-45a0b9fbf57c,TCGA-FG-5965-01B,TCGA_LGG,TCGA-FG-5965-01Z-00-DX1.npy,1,1,1,LGG_IDHmut-non-codel,1.0,8691.640647
138,TCGA-FG-6688,-0.1585,0.2501,0.7513,48a9d940-258e-40d0-801d-880a0e7c4709,TCGA-FG-6688-01A,TCGA_LGG,TCGA-FG-6688-01Z-00-DX1.npy,0,1,1,LGG_IDHwt,0.0,8586.060796
139,TCGA-FG-6689,-0.721,-0.0195,-0.9311,ce54af29-c26c-4fb4-ac94-dcd369cd490a,TCGA-FG-6689-01A,TCGA_LGG,TCGA-FG-6689-01Z-00-DX1.npy,0,0,0,LGG_IDHmut-non-codel,1.0,3244.9627809999997
140,TCGA-FG-6691,-0.8657,-1.4862,-1.3337,c3ca6901-aa65-44e0-9682-d68b99122d41,TCGA-FG-6691-01A,TCGA_LGG,TCGA-FG-6691-01Z-00-DX1.npy,0,0,0,LGG_IDHmut-non-codel,1.0,1575.161902
141,TCGA-FG-6692,1.8148,1.838,1.33,becff425-151c-4cd5-aae1-54e45aa5275f,TCGA-FG-6692-01A,TCGA_LGG,TCGA-FG-6692-01Z-00-DX1.npy,1,1,1,LGG_IDHwt,0.0,37616.26504
142,TCGA-FG-7634,0.0169,0.8864,0.534,a13e7edf-b6a5-4737-b59d-19aa90e9b280,TCGA-FG-7634-01A,TCGA_LGG,TCGA-FG-7634-01Z-00-DX1.npy,1,1,1,LGG_IDHmut-codel,2.0,10338.22762
143,TCGA-FG-7636,-1.0319,-1.4143,-0.456,6104f7dc-762e-46d1-84e0-48765cf32bda,TCGA-FG-7636-01A,TCGA_LGG,TCGA-FG-7636-01Z-00-DX1.npy,0,0,0,LGG_IDHmut-non-codel,1.0,482.05385789999997
144,TCGA-FG-7637,-1.0809,-0.047,-0.5708,2385c03c-3a5d-42a6-bcf6-632816e32b48,TCGA-FG-7637-01A,TCGA_LGG,TCGA-FG-7637-01Z-00-DX1.npy,0,0,0,,,2795.912376
145,TCGA-FG-7638,0.1371,0.1952,0.098,87d8856f-9426-4194-b42a-1297fee90526,TCGA-FG-7638-01B,TCGA_LGG,TCGA-FG-7638-01Z-00-DX1.npy,1,1,1,LGG_IDHmut-codel,2.0,5863.420417
146,TCGA-FG-7643,0.447,0.3807,0.73,f0671f68-ac52-4964-9d77-91bbf7d03486,TCGA-FG-7643-01A,TCGA_LGG,TCGA-FG-7643-01Z-00-DX1.npy,1,1,1,LGG_IDHwt,0.0,6977.195811
147,TCGA-FG-8182,-0.8743,-0.325,-0.106,85626bf6-62e7-4245-b091-2c2bc5565f31,TCGA-FG-8182-01A,TCGA_LGG,TCGA-FG-8182-01Z-00-DX1.npy,0,0,0,LGG_IDHmut-non-codel,1.0,2204.285866
148,TCGA-FG-8185,-1.3682,-1.0681,-1.3337,921dbbd8-a8fe-444e-893d-9ed6b1a54ff7,TCGA-FG-8185-01A,TCGA_LGG,TCGA-FG-8185-01Z-00-DX1.npy,0,0,0,LGG_IDHmut-non-codel,1.0,333.1557613
149,TCGA-FG-8186,0.4059,0.4309,0.4128,bf3ea8e5-0e5d-46ca-a958-65f80323e474,TCGA-FG-8186-01A,TCGA_LGG,TCGA-FG-8186-01Z-00-DX1.npy,1,1,1,LGG_IDHmut-codel,2.0,6659.451028
150,TCGA-FG-8188,-1.3682,-1.3548,-1.3337,33591f53-982a-4d3a-920c-ae450e422ec6,TCGA-FG-8188-01A,TCGA_LGG,TCGA-FG-8188-01Z-00-DX2.npy,0,0,0,LGG_IDHmut-non-codel,1.0,0.0
151,TCGA-FG-8188,-1.3682,-1.3548,-1.3337,33591f53-982a-4d3a-920c-ae450e422ec6,TCGA-FG-8188-01A,TCGA_LGG,TCGA-FG-8188-01Z-00-DX1.npy,0,0,0,LGG_IDHmut-non-codel,1.0,0.0
152,TCGA-FG-8189,-1.0125,-1.3880000000000001,-1.3337,91cdf224-5b34-4c75-9173-46876803d383,TCGA-FG-8189-01B,TCGA_LGG,TCGA-FG-8189-01Z-00-DX1.npy,0,0,0,LGG_IDHmut-non-codel,1.0,1485.579664
153,TCGA-FG-8191,0.0839,0.3634,-0.8924,f84810a8-b1cb-4e8c-819b-3d5e4d135798,TCGA-FG-8191-01A,TCGA_LGG,TCGA-FG-8191-01Z-00-DX1.npy,1,1,0,LGG_IDHmut-non-codel,1.0,5458.155635
154,TCGA-FG-A4MW,-0.5493,-0.2813,-0.5891,abad4d62-6152-45e8-84e5-71ed12f5b35c,TCGA-FG-A4MW-01A,TCGA_LGG,TCGA-FG-A4MW-01Z-00-DX1.npy,0,0,0,LGG_IDHwt,0.0,2296.784349
155,TCGA-FG-A60J,0.1879,0.6162,-0.8374,016f3cc3-0aa7-4a0d-bbf5-67fa6f9c75c2,TCGA-FG-A60J-01A,TCGA_LGG,TCGA-FG-A60J-01Z-00-DX1.npy,1,1,0,LGG_IDHmut-non-codel,1.0,5802.23549
156,TCGA-FG-A60K,-1.0339,-0.0508,-0.4606,58fb4c5d-ecd3-48e1-9ca8-99c8070a58d6,TCGA-FG-A60K-01A,TCGA_LGG,TCGA-FG-A60K-01Z-00-DX1.npy,0,0,0,LGG_IDHmut-codel,2.0,1798.540125
157,TCGA-FG-A60K,-1.0339,-0.0508,-0.4606,58fb4c5d-ecd3-48e1-9ca8-99c8070a58d6,TCGA-FG-A60K-01A,TCGA_LGG,TCGA-FG-A60K-01Z-00-DX2.npy,0,0,0,LGG_IDHmut-codel,2.0,1798.540125
158,TCGA-FG-A60L,1.1939,-0.0225,-0.7403,e23287ad-c89c-4bea-be13-3c6a6cab6569,TCGA-FG-A60L-01A,TCGA_LGG,TCGA-FG-A60L-01Z-00-DX1.npy,1,0,0,LGG_IDHmut-non-codel,1.0,20635.31111
159,TCGA-FG-A6IZ,-1.3682,-0.5327,-1.3337,10eb529c-5d46-43b4-8d44-8165a9f60a36,TCGA-FG-A6IZ-01A,TCGA_LGG,TCGA-FG-A6IZ-01Z-00-DX1.npy,0,0,0,LGG_IDHmut-codel,2.0,2043.5239960000001
160,TCGA-FG-A6J1,0.8651,0.6013,-0.7529,a67e680f-f6bb-43af-807a-a356b2b8ce9a,TCGA-FG-A6J1-01A,TCGA_LGG,TCGA-FG-A6J1-01Z-00-DX1.npy,1,1,0,LGG_IDHmut-codel,2.0,14444.7969
161,TCGA-FG-A6J3,2.6510000000000002,1.9805,-0.7259,7324c16e-a785-4af7-aec7-498c3bceba27,TCGA-FG-A6J3-01A,TCGA_LGG,TCGA-FG-A6J3-01Z-00-DX4.npy,1,1,0,LGG_IDHmut-non-codel,1.0,93000.06332
162,TCGA-FG-A6J3,2.6510000000000002,1.9805,-0.7259,7324c16e-a785-4af7-aec7-498c3bceba27,TCGA-FG-A6J3-01A,TCGA_LGG,TCGA-FG-A6J3-01Z-00-DX1.npy,1,1,0,LGG_IDHmut-non-codel,1.0,93000.06332
163,TCGA-FG-A6J3,2.6510000000000002,1.9805,-0.7259,7324c16e-a785-4af7-aec7-498c3bceba27,TCGA-FG-A6J3-01A,TCGA_LGG,TCGA-FG-A6J3-01Z-00-DX2.npy,1,1,0,LGG_IDHmut-non-codel,1.0,93000.06332
164,TCGA-FG-A6J3,2.6510000000000002,1.9805,-0.7259,7324c16e-a785-4af7-aec7-498c3bceba27,TCGA-FG-A6J3-01A,TCGA_LGG,TCGA-FG-A6J3-01Z-00-DX3.npy,1,1,0,LGG_IDHmut-non-codel,1.0,93000.06332
165,TCGA-FG-A70Z,1.2597,1.1835,-0.3451,ef2e371f-4bbc-43ad-9341-b8f52acd26fb,TCGA-FG-A70Z-01A,TCGA_LGG,TCGA-FG-A70Z-01Z-00-DX1.npy,1,1,0,LGG_IDHwt,0.0,17575.7704
166,TCGA-FG-A710,0.2573,0.2547,-0.9053,7e289fc1-cf5d-48e4-b7b6-e63876bfde8d,TCGA-FG-A710-01A,TCGA_LGG,TCGA-FG-A710-01Z-00-DX1.npy,1,1,0,LGG_IDHmut-codel,2.0,8000.336776
167,TCGA-FG-A711,-1.3682,-1.4034,-1.3337,6558ca58-b705-4f9a-b018-0578f430f341,TCGA-FG-A711-01A,TCGA_LGG,TCGA-FG-A711-01Z-00-DX1.npy,0,0,0,LGG_IDHmut-non-codel,1.0,0.0
168,TCGA-FG-A713,-1.3682,-0.9691,-0.8235,10a63272-98a1-4e79-9a1d-8bcf3527f5cc,TCGA-FG-A713-01A,TCGA_LGG,TCGA-FG-A713-01Z-00-DX4.npy,0,0,0,LGG_IDHmut-codel,2.0,904.6549132000001
169,TCGA-FG-A713,-1.3682,-0.9691,-0.8235,10a63272-98a1-4e79-9a1d-8bcf3527f5cc,TCGA-FG-A713-01A,TCGA_LGG,TCGA-FG-A713-01Z-00-DX2.npy,0,0,0,LGG_IDHmut-codel,2.0,904.6549132000001
170,TCGA-FG-A713,-1.3682,-0.9691,-0.8235,10a63272-98a1-4e79-9a1d-8bcf3527f5cc,TCGA-FG-A713-01A,TCGA_LGG,TCGA-FG-A713-01Z-00-DX3.npy,0,0,0,LGG_IDHmut-codel,2.0,904.6549132000001
171,TCGA-FG-A87N,-0.5073,-0.3865,-0.6711,5896e632-ccff-405b-b8c7-f69d36c5a28c,TCGA-FG-A87N-01A,TCGA_LGG,TCGA-FG-A87N-01Z-00-DX1.npy,0,0,0,LGG_IDHmut-non-codel,1.0,2871.3208010000003
172,TCGA-FG-A87Q,1.5114,1.4016,0.4457,edbf49ee-7f63-4dfd-a2c7-0b6d5ebe8111,TCGA-FG-A87Q-01A,TCGA_LGG,TCGA-FG-A87Q-01Z-00-DX1.npy,1,1,1,LGG_IDHwt,0.0,22425.54718
173,TCGA-FG-A87Q,1.5114,1.4016,0.4457,edbf49ee-7f63-4dfd-a2c7-0b6d5ebe8111,TCGA-FG-A87Q-01A,TCGA_LGG,TCGA-FG-A87Q-01Z-00-DX2.npy,1,1,1,LGG_IDHwt,0.0,22425.54718
174,TCGA-FG-A87Q,1.5114,1.4016,0.4457,edbf49ee-7f63-4dfd-a2c7-0b6d5ebe8111,TCGA-FG-A87Q-01A,TCGA_LGG,TCGA-FG-A87Q-01Z-00-DX4.npy,1,1,1,LGG_IDHwt,0.0,22425.54718
175,TCGA-FG-A87Q,1.5114,1.4016,0.4457,edbf49ee-7f63-4dfd-a2c7-0b6d5ebe8111,TCGA-FG-A87Q-01A,TCGA_LGG,TCGA-FG-A87Q-01Z-00-DX3.npy,1,1,1,LGG_IDHwt,0.0,22425.54718
176,TCGA-FN-7833,0.1707,-0.0784,-0.8847,dfaf2923-1d8e-4f48-96be-2bf30c0d65f1,TCGA-FN-7833-01A,TCGA_LGG,TCGA-FN-7833-01Z-00-DX1.npy,1,0,0,LGG_IDHmut-non-codel,1.0,6455.329924000001
177,TCGA-HT-7467,0.2919,-0.5086,-0.6677,b243733e-0f31-427b-89b6-3c157348c042,TCGA-HT-7467-01A,TCGA_LGG,TCGA-HT-7467-01Z-00-DX1.npy,1,0,0,LGG_IDHmut-codel,2.0,6046.891575
178,TCGA-HT-7467,0.2919,-0.5086,-0.6677,b243733e-0f31-427b-89b6-3c157348c042,TCGA-HT-7467-01A,TCGA_LGG,TCGA-HT-7467-01Z-00-DX2.npy,1,0,0,LGG_IDHmut-codel,2.0,6046.891575
179,TCGA-HT-7467,0.2919,-0.5086,-0.6677,b243733e-0f31-427b-89b6-3c157348c042,TCGA-HT-7467-01A,TCGA_LGG,TCGA-HT-7467-01Z-00-DX3.npy,1,0,0,LGG_IDHmut-codel,2.0,6046.891575
180,TCGA-HT-7468,-0.0808,0.5598,0.4787,aaef342d-93ac-41de-8417-de3772218d2d,TCGA-HT-7468-01A,TCGA_LGG,TCGA-HT-7468-01Z-00-DX8.npy,0,1,1,LGG_IDHmut-codel,2.0,5639.430333
181,TCGA-HT-7468,-0.0808,0.5598,0.4787,aaef342d-93ac-41de-8417-de3772218d2d,TCGA-HT-7468-01A,TCGA_LGG,TCGA-HT-7468-01Z-00-DX6.npy,0,1,1,LGG_IDHmut-codel,2.0,5639.430333
182,TCGA-HT-7468,-0.0808,0.5598,0.4787,aaef342d-93ac-41de-8417-de3772218d2d,TCGA-HT-7468-01A,TCGA_LGG,TCGA-HT-7468-01Z-00-DX1.npy,0,1,1,LGG_IDHmut-codel,2.0,5639.430333
183,TCGA-HT-7468,-0.0808,0.5598,0.4787,aaef342d-93ac-41de-8417-de3772218d2d,TCGA-HT-7468-01A,TCGA_LGG,TCGA-HT-7468-01Z-00-DX4.npy,0,1,1,LGG_IDHmut-codel,2.0,5639.430333
184,TCGA-HT-7468,-0.0808,0.5598,0.4787,aaef342d-93ac-41de-8417-de3772218d2d,TCGA-HT-7468-01A,TCGA_LGG,TCGA-HT-7468-01Z-00-DX3.npy,0,1,1,LGG_IDHmut-codel,2.0,5639.430333
185,TCGA-HT-7468,-0.0808,0.5598,0.4787,aaef342d-93ac-41de-8417-de3772218d2d,TCGA-HT-7468-01A,TCGA_LGG,TCGA-HT-7468-01Z-00-DX2.npy,0,1,1,LGG_IDHmut-codel,2.0,5639.430333
186,TCGA-HT-7468,-0.0808,0.5598,0.4787,aaef342d-93ac-41de-8417-de3772218d2d,TCGA-HT-7468-01A,TCGA_LGG,TCGA-HT-7468-01Z-00-DX7.npy,0,1,1,LGG_IDHmut-codel,2.0,5639.430333
187,TCGA-HT-7468,-0.0808,0.5598,0.4787,aaef342d-93ac-41de-8417-de3772218d2d,TCGA-HT-7468-01A,TCGA_LGG,TCGA-HT-7468-01Z-00-DX9.npy,0,1,1,LGG_IDHmut-codel,2.0,5639.430333
188,TCGA-HT-7470,-0.7294,-0.9451,-0.1579,c99fa6c8-5e7a-4165-a939-5a230df9da66,TCGA-HT-7470-01A,TCGA_LGG,TCGA-HT-7470-01Z-00-DX9.npy,0,0,0,LGG_IDHmut-non-codel,1.0,2772.7312620000002
189,TCGA-HT-7470,-0.7294,-0.9451,-0.1579,c99fa6c8-5e7a-4165-a939-5a230df9da66,TCGA-HT-7470-01A,TCGA_LGG,TCGA-HT-7470-01Z-00-DX3.npy,0,0,0,LGG_IDHmut-non-codel,1.0,2772.7312620000002
190,TCGA-HT-7470,-0.7294,-0.9451,-0.1579,c99fa6c8-5e7a-4165-a939-5a230df9da66,TCGA-HT-7470-01A,TCGA_LGG,TCGA-HT-7470-01Z-00-DX1.npy,0,0,0,LGG_IDHmut-non-codel,1.0,2772.7312620000002
191,TCGA-HT-7470,-0.7294,-0.9451,-0.1579,c99fa6c8-5e7a-4165-a939-5a230df9da66,TCGA-HT-7470-01A,TCGA_LGG,TCGA-HT-7470-01Z-00-DX6.npy,0,0,0,LGG_IDHmut-non-codel,1.0,2772.7312620000002
192,TCGA-HT-7470,-0.7294,-0.9451,-0.1579,c99fa6c8-5e7a-4165-a939-5a230df9da66,TCGA-HT-7470-01A,TCGA_LGG,TCGA-HT-7470-01Z-00-DX7.npy,0,0,0,LGG_IDHmut-non-codel,1.0,2772.7312620000002
193,TCGA-HT-7472,0.7501,0.6183,1.1398,b25d7e82-4e43-4112-aeb3-a00c22873242,TCGA-HT-7472-01A,TCGA_LGG,TCGA-HT-7472-01Z-00-DX2.npy,1,1,1,LGG_IDHmut-non-codel,1.0,10364.48948
194,TCGA-HT-7472,0.7501,0.6183,1.1398,b25d7e82-4e43-4112-aeb3-a00c22873242,TCGA-HT-7472-01A,TCGA_LGG,TCGA-HT-7472-01Z-00-DX1.npy,1,1,1,LGG_IDHmut-non-codel,1.0,10364.48948
195,TCGA-HT-7472,0.7501,0.6183,1.1398,b25d7e82-4e43-4112-aeb3-a00c22873242,TCGA-HT-7472-01A,TCGA_LGG,TCGA-HT-7472-01Z-00-DX4.npy,1,1,1,LGG_IDHmut-non-codel,1.0,10364.48948
196,TCGA-HT-7473,1.04,1.1877,1.1588,529fae81-8607-4893-887a-c9545ab48f8d,TCGA-HT-7473-01A,TCGA_LGG,TCGA-HT-7473-01Z-00-DX7.npy,1,1,1,LGG_IDHmut-non-codel,1.0,14416.423190000001
197,TCGA-HT-7473,1.04,1.1877,1.1588,529fae81-8607-4893-887a-c9545ab48f8d,TCGA-HT-7473-01A,TCGA_LGG,TCGA-HT-7473-01Z-00-DX3.npy,1,1,1,LGG_IDHmut-non-codel,1.0,14416.423190000001
198,TCGA-HT-7473,1.04,1.1877,1.1588,529fae81-8607-4893-887a-c9545ab48f8d,TCGA-HT-7473-01A,TCGA_LGG,TCGA-HT-7473-01Z-00-DX6.npy,1,1,1,LGG_IDHmut-non-codel,1.0,14416.423190000001
199,TCGA-HT-7473,1.04,1.1877,1.1588,529fae81-8607-4893-887a-c9545ab48f8d,TCGA-HT-7473-01A,TCGA_LGG,TCGA-HT-7473-01Z-00-DX8.npy,1,1,1,LGG_IDHmut-non-codel,1.0,14416.423190000001
200,TCGA-HT-7474,-0.6815,-0.18100000000000002,0.1192,607beda0-f40a-453a-b731-d5926a6d086c,TCGA-HT-7474-01A,TCGA_LGG,TCGA-HT-7474-01Z-00-DX1.npy,0,0,1,LGG_IDHmut-non-codel,1.0,2567.2858100000003
201,TCGA-HT-7475,-0.4453,0.2484,-1.3337,8783075a-8da0-4e5d-b5c6-73f69a6f2244,TCGA-HT-7475-01A,TCGA_LGG,TCGA-HT-7475-01Z-00-DX4.npy,0,1,0,LGG_IDHmut-non-codel,1.0,2741.177819
202,TCGA-HT-7475,-0.4453,0.2484,-1.3337,8783075a-8da0-4e5d-b5c6-73f69a6f2244,TCGA-HT-7475-01A,TCGA_LGG,TCGA-HT-7475-01Z-00-DX1.npy,0,1,0,LGG_IDHmut-non-codel,1.0,2741.177819
203,TCGA-HT-7475,-0.4453,0.2484,-1.3337,8783075a-8da0-4e5d-b5c6-73f69a6f2244,TCGA-HT-7475-01A,TCGA_LGG,TCGA-HT-7475-01Z-00-DX5.npy,0,1,0,LGG_IDHmut-non-codel,1.0,2741.177819
204,TCGA-HT-7475,-0.4453,0.2484,-1.3337,8783075a-8da0-4e5d-b5c6-73f69a6f2244,TCGA-HT-7475-01A,TCGA_LGG,TCGA-HT-7475-01Z-00-DX2.npy,0,1,0,LGG_IDHmut-non-codel,1.0,2741.177819
205,TCGA-HT-7476,-0.0825,0.6554,0.4391,16a8ec67-b480-4b6f-88a8-cd2e0d9a5a64,TCGA-HT-7476-01A,TCGA_LGG,TCGA-HT-7476-01Z-00-DX2.npy,0,1,1,LGG_IDHmut-non-codel,1.0,7847.579087
206,TCGA-HT-7476,-0.0825,0.6554,0.4391,16a8ec67-b480-4b6f-88a8-cd2e0d9a5a64,TCGA-HT-7476-01A,TCGA_LGG,TCGA-HT-7476-01Z-00-DX3.npy,0,1,1,LGG_IDHmut-non-codel,1.0,7847.579087
207,TCGA-HT-7478,1.8213,1.9321,2.5541,ce5e36be-e398-4574-adc4-b172b26f3e8a,TCGA-HT-7478-01A,TCGA_LGG,TCGA-HT-7478-01Z-00-DX1.npy,1,1,1,LGG_IDHmut-non-codel,1.0,36819.40946
208,TCGA-HT-7479,0.254,0.2917,-0.8765,fc7ff81d-9eda-4c16-b24e-115957288130,TCGA-HT-7479-01A,TCGA_LGG,TCGA-HT-7479-01Z-00-DX1.npy,1,1,0,LGG_IDHmut-non-codel,1.0,7499.0509010000005
209,TCGA-HT-7479,0.254,0.2917,-0.8765,fc7ff81d-9eda-4c16-b24e-115957288130,TCGA-HT-7479-01A,TCGA_LGG,TCGA-HT-7479-01Z-00-DX3.npy,1,1,0,LGG_IDHmut-non-codel,1.0,7499.0509010000005
210,TCGA-HT-7480,-1.1184,-1.3906,-0.6612,3de7a3cf-e1a0-4dfe-8ff2-e37b681f2c15,TCGA-HT-7480-01A,TCGA_LGG,TCGA-HT-7480-01Z-00-DX2.npy,0,0,0,LGG_IDHmut-codel,2.0,962.8859617999999
211,TCGA-HT-7480,-1.1184,-1.3906,-0.6612,3de7a3cf-e1a0-4dfe-8ff2-e37b681f2c15,TCGA-HT-7480-01A,TCGA_LGG,TCGA-HT-7480-01Z-00-DX3.npy,0,0,0,LGG_IDHmut-codel,2.0,962.8859617999999
212,TCGA-HT-7480,-1.1184,-1.3906,-0.6612,3de7a3cf-e1a0-4dfe-8ff2-e37b681f2c15,TCGA-HT-7480-01A,TCGA_LGG,TCGA-HT-7480-01Z-00-DX4.npy,0,0,0,LGG_IDHmut-codel,2.0,962.8859617999999
213,TCGA-HT-7480,-1.1184,-1.3906,-0.6612,3de7a3cf-e1a0-4dfe-8ff2-e37b681f2c15,TCGA-HT-7480-01A,TCGA_LGG,TCGA-HT-7480-01Z-00-DX5.npy,0,0,0,LGG_IDHmut-codel,2.0,962.8859617999999
214,TCGA-HT-7481,-1.0604,-0.3809,-0.871,76a98052-7d6d-4106-b813-afdddb384bee,TCGA-HT-7481-01A,TCGA_LGG,TCGA-HT-7481-01Z-00-DX2.npy,0,0,0,LGG_IDHmut-codel,2.0,833.8733532000001
215,TCGA-HT-7481,-1.0604,-0.3809,-0.871,76a98052-7d6d-4106-b813-afdddb384bee,TCGA-HT-7481-01A,TCGA_LGG,TCGA-HT-7481-01Z-00-DX3.npy,0,0,0,LGG_IDHmut-codel,2.0,833.8733532000001
216,TCGA-HT-7481,-1.0604,-0.3809,-0.871,76a98052-7d6d-4106-b813-afdddb384bee,TCGA-HT-7481-01A,TCGA_LGG,TCGA-HT-7481-01Z-00-DX4.npy,0,0,0,LGG_IDHmut-codel,2.0,833.8733532000001
217,TCGA-HT-7481,-1.0604,-0.3809,-0.871,76a98052-7d6d-4106-b813-afdddb384bee,TCGA-HT-7481-01A,TCGA_LGG,TCGA-HT-7481-01Z-00-DX1.npy,0,0,0,LGG_IDHmut-codel,2.0,833.8733532000001
218,TCGA-HT-7482,-0.4935,-1.0402,-1.3337,1ca81f0a-92dd-4aea-8ff3-ec0b9df91394,TCGA-HT-7482-01A,TCGA_LGG,TCGA-HT-7482-01Z-00-DX7.npy,0,0,0,LGG_IDHmut-non-codel,1.0,1680.767077
219,TCGA-HT-7482,-0.4935,-1.0402,-1.3337,1ca81f0a-92dd-4aea-8ff3-ec0b9df91394,TCGA-HT-7482-01A,TCGA_LGG,TCGA-HT-7482-01Z-00-DX6.npy,0,0,0,LGG_IDHmut-non-codel,1.0,1680.767077
220,TCGA-HT-7482,-0.4935,-1.0402,-1.3337,1ca81f0a-92dd-4aea-8ff3-ec0b9df91394,TCGA-HT-7482-01A,TCGA_LGG,TCGA-HT-7482-01Z-00-DX5.npy,0,0,0,LGG_IDHmut-non-codel,1.0,1680.767077
221,TCGA-HT-7482,-0.4935,-1.0402,-1.3337,1ca81f0a-92dd-4aea-8ff3-ec0b9df91394,TCGA-HT-7482-01A,TCGA_LGG,TCGA-HT-7482-01Z-00-DX4.npy,0,0,0,LGG_IDHmut-non-codel,1.0,1680.767077
222,TCGA-HT-7482,-0.4935,-1.0402,-1.3337,1ca81f0a-92dd-4aea-8ff3-ec0b9df91394,TCGA-HT-7482-01A,TCGA_LGG,TCGA-HT-7482-01Z-00-DX9.npy,0,0,0,LGG_IDHmut-non-codel,1.0,1680.767077
223,TCGA-HT-7482,-0.4935,-1.0402,-1.3337,1ca81f0a-92dd-4aea-8ff3-ec0b9df91394,TCGA-HT-7482-01A,TCGA_LGG,TCGA-HT-7482-01Z-00-DX8.npy,0,0,0,LGG_IDHmut-non-codel,1.0,1680.767077
224,TCGA-HT-7483,-1.3682,-0.2434,-0.2869,08a25f98-88c4-4ca7-8b05-c41989af3a91,TCGA-HT-7483-01A,TCGA_LGG,TCGA-HT-7483-01Z-00-DX4.npy,0,0,0,LGG_IDHmut-non-codel,1.0,1617.4699699999999
225,TCGA-HT-7483,-1.3682,-0.2434,-0.2869,08a25f98-88c4-4ca7-8b05-c41989af3a91,TCGA-HT-7483-01A,TCGA_LGG,TCGA-HT-7483-01Z-00-DX1.npy,0,0,0,LGG_IDHmut-non-codel,1.0,1617.4699699999999
226,TCGA-HT-7483,-1.3682,-0.2434,-0.2869,08a25f98-88c4-4ca7-8b05-c41989af3a91,TCGA-HT-7483-01A,TCGA_LGG,TCGA-HT-7483-01Z-00-DX2.npy,0,0,0,LGG_IDHmut-non-codel,1.0,1617.4699699999999
227,TCGA-HT-7485,-1.0735,-0.7131,-1.3337,88dd859b-d864-4eed-adaf-e09dc0d1d2d6,TCGA-HT-7485-01A,TCGA_LGG,TCGA-HT-7485-01Z-00-DX1.npy,0,0,0,LGG_IDHmut-non-codel,1.0,817.6424343
228,TCGA-HT-7601,1.3318,1.2384,0.9284,287c1278-3050-434b-98f2-6ec1a4aa9af4,TCGA-HT-7601-01A,TCGA_LGG,TCGA-HT-7601-01Z-00-DX1.npy,1,1,1,LGG_IDHmut-non-codel,1.0,20553.21698
229,TCGA-HT-7601,1.3318,1.2384,0.9284,287c1278-3050-434b-98f2-6ec1a4aa9af4,TCGA-HT-7601-01A,TCGA_LGG,TCGA-HT-7601-01Z-00-DX4.npy,1,1,1,LGG_IDHmut-non-codel,1.0,20553.21698
230,TCGA-HT-7602,-0.5885,-0.046,-0.8286,57a09150-5385-4e1f-b28e-ca110763351d,TCGA-HT-7602-01A,TCGA_LGG,TCGA-HT-7602-01Z-00-DX1.npy,0,0,0,LGG_IDHmut-non-codel,1.0,2816.640902
231,TCGA-HT-7605,-0.9396,-0.1754,-0.4514,bc63b8c8-cf86-4695-95e6-7e79266bd903,TCGA-HT-7605-01A,TCGA_LGG,TCGA-HT-7605-01Z-00-DX1.npy,0,0,0,LGG_IDHmut-codel,2.0,4309.39883
232,TCGA-HT-7605,-0.9396,-0.1754,-0.4514,bc63b8c8-cf86-4695-95e6-7e79266bd903,TCGA-HT-7605-01A,TCGA_LGG,TCGA-HT-7605-01Z-00-DX4.npy,0,0,0,LGG_IDHmut-codel,2.0,4309.39883
233,TCGA-HT-7605,-0.9396,-0.1754,-0.4514,bc63b8c8-cf86-4695-95e6-7e79266bd903,TCGA-HT-7605-01A,TCGA_LGG,TCGA-HT-7605-01Z-00-DX2.npy,0,0,0,LGG_IDHmut-codel,2.0,4309.39883
234,TCGA-HT-7605,-0.9396,-0.1754,-0.4514,bc63b8c8-cf86-4695-95e6-7e79266bd903,TCGA-HT-7605-01A,TCGA_LGG,TCGA-HT-7605-01Z-00-DX3.npy,0,0,0,LGG_IDHmut-codel,2.0,4309.39883
235,TCGA-HT-7606,-1.1136,-1.382,-1.3337,ad92f5a3-47fe-4e90-9034-df49a9e5f1de,TCGA-HT-7606-01A,TCGA_LGG,TCGA-HT-7606-01Z-00-DX1.npy,0,0,0,LGG_IDHmut-non-codel,1.0,1037.019523
236,TCGA-HT-7607,-0.8807,-0.4251,0.2394,f4f207e5-b83e-48a4-8773-1418afdd6fbb,TCGA-HT-7607-01A,TCGA_LGG,TCGA-HT-7607-01Z-00-DX3.npy,0,0,1,LGG_IDHmut-codel,2.0,3271.812355
237,TCGA-HT-7607,-0.8807,-0.4251,0.2394,f4f207e5-b83e-48a4-8773-1418afdd6fbb,TCGA-HT-7607-01A,TCGA_LGG,TCGA-HT-7607-01Z-00-DX2.npy,0,0,1,LGG_IDHmut-codel,2.0,3271.812355
238,TCGA-HT-7607,-0.8807,-0.4251,0.2394,f4f207e5-b83e-48a4-8773-1418afdd6fbb,TCGA-HT-7607-01A,TCGA_LGG,TCGA-HT-7607-01Z-00-DX9.npy,0,0,1,LGG_IDHmut-codel,2.0,3271.812355
239,TCGA-HT-7607,-0.8807,-0.4251,0.2394,f4f207e5-b83e-48a4-8773-1418afdd6fbb,TCGA-HT-7607-01A,TCGA_LGG,TCGA-HT-7607-01Z-00-DX15.npy,0,0,1,LGG_IDHmut-codel,2.0,3271.812355
240,TCGA-HT-7607,-0.8807,-0.4251,0.2394,f4f207e5-b83e-48a4-8773-1418afdd6fbb,TCGA-HT-7607-01A,TCGA_LGG,TCGA-HT-7607-01Z-00-DX16.npy,0,0,1,LGG_IDHmut-codel,2.0,3271.812355
241,TCGA-HT-7607,-0.8807,-0.4251,0.2394,f4f207e5-b83e-48a4-8773-1418afdd6fbb,TCGA-HT-7607-01A,TCGA_LGG,TCGA-HT-7607-01Z-00-DX1.npy,0,0,1,LGG_IDHmut-codel,2.0,3271.812355
242,TCGA-HT-7607,-0.8807,-0.4251,0.2394,f4f207e5-b83e-48a4-8773-1418afdd6fbb,TCGA-HT-7607-01A,TCGA_LGG,TCGA-HT-7607-01Z-00-DX8.npy,0,0,1,LGG_IDHmut-codel,2.0,3271.812355
243,TCGA-HT-7607,-0.8807,-0.4251,0.2394,f4f207e5-b83e-48a4-8773-1418afdd6fbb,TCGA-HT-7607-01A,TCGA_LGG,TCGA-HT-7607-01Z-00-DX13.npy,0,0,1,LGG_IDHmut-codel,2.0,3271.812355
244,TCGA-HT-7607,-0.8807,-0.4251,0.2394,f4f207e5-b83e-48a4-8773-1418afdd6fbb,TCGA-HT-7607-01A,TCGA_LGG,TCGA-HT-7607-01Z-00-DX11.npy,0,0,1,LGG_IDHmut-codel,2.0,3271.812355
245,TCGA-HT-7607,-0.8807,-0.4251,0.2394,f4f207e5-b83e-48a4-8773-1418afdd6fbb,TCGA-HT-7607-01A,TCGA_LGG,TCGA-HT-7607-01Z-00-DX7.npy,0,0,1,LGG_IDHmut-codel,2.0,3271.812355
246,TCGA-HT-7607,-0.8807,-0.4251,0.2394,f4f207e5-b83e-48a4-8773-1418afdd6fbb,TCGA-HT-7607-01A,TCGA_LGG,TCGA-HT-7607-01Z-00-DX5.npy,0,0,1,LGG_IDHmut-codel,2.0,3271.812355
247,TCGA-HT-7608,-1.3682,-1.2716,-0.8557,a8d2a592-7df4-4719-ad34-e2bc032487c0,TCGA-HT-7608-01A,TCGA_LGG,TCGA-HT-7608-01Z-00-DX9.npy,0,0,0,LGG_IDHmut-codel,2.0,456.93569560000003
248,TCGA-HT-7608,-1.3682,-1.2716,-0.8557,a8d2a592-7df4-4719-ad34-e2bc032487c0,TCGA-HT-7608-01A,TCGA_LGG,TCGA-HT-7608-01Z-00-DX2.npy,0,0,0,LGG_IDHmut-codel,2.0,456.93569560000003
249,TCGA-HT-7608,-1.3682,-1.2716,-0.8557,a8d2a592-7df4-4719-ad34-e2bc032487c0,TCGA-HT-7608-01A,TCGA_LGG,TCGA-HT-7608-01Z-00-DX8.npy,0,0,0,LGG_IDHmut-codel,2.0,456.93569560000003
250,TCGA-HT-7608,-1.3682,-1.2716,-0.8557,a8d2a592-7df4-4719-ad34-e2bc032487c0,TCGA-HT-7608-01A,TCGA_LGG,TCGA-HT-7608-01Z-00-DX7.npy,0,0,0,LGG_IDHmut-codel,2.0,456.93569560000003
251,TCGA-HT-7608,-1.3682,-1.2716,-0.8557,a8d2a592-7df4-4719-ad34-e2bc032487c0,TCGA-HT-7608-01A,TCGA_LGG,TCGA-HT-7608-01Z-00-DX3.npy,0,0,0,LGG_IDHmut-codel,2.0,456.93569560000003
252,TCGA-HT-7608,-1.3682,-1.2716,-0.8557,a8d2a592-7df4-4719-ad34-e2bc032487c0,TCGA-HT-7608-01A,TCGA_LGG,TCGA-HT-7608-01Z-00-DX4.npy,0,0,0,LGG_IDHmut-codel,2.0,456.93569560000003
253,TCGA-HT-7608,-1.3682,-1.2716,-0.8557,a8d2a592-7df4-4719-ad34-e2bc032487c0,TCGA-HT-7608-01A,TCGA_LGG,TCGA-HT-7608-01Z-00-DX5.npy,0,0,0,LGG_IDHmut-codel,2.0,456.93569560000003
254,TCGA-HT-7608,-1.3682,-1.2716,-0.8557,a8d2a592-7df4-4719-ad34-e2bc032487c0,TCGA-HT-7608-01A,TCGA_LGG,TCGA-HT-7608-01Z-00-DX6.npy,0,0,0,LGG_IDHmut-codel,2.0,456.93569560000003
255,TCGA-HT-7609,-1.3682,-1.2833,-1.3337,2f736aa4-03a6-4453-92c9-1af8689ffa6e,TCGA-HT-7609-01A,TCGA_LGG,TCGA-HT-7609-01Z-00-DX3.npy,0,0,0,LGG_IDHmut-non-codel,1.0,0.0
256,TCGA-HT-7609,-1.3682,-1.2833,-1.3337,2f736aa4-03a6-4453-92c9-1af8689ffa6e,TCGA-HT-7609-01A,TCGA_LGG,TCGA-HT-7609-01Z-00-DX2.npy,0,0,0,LGG_IDHmut-non-codel,1.0,0.0
257,TCGA-HT-7610,-1.1409,-0.8965,-0.486,80792c44-0b66-4696-88d2-88276db4d671,TCGA-HT-7610-01A,TCGA_LGG,TCGA-HT-7610-01Z-00-DX3.npy,0,0,0,LGG_IDHmut-non-codel,1.0,830.6826481
258,TCGA-HT-7610,-1.1409,-0.8965,-0.486,80792c44-0b66-4696-88d2-88276db4d671,TCGA-HT-7610-01A,TCGA_LGG,TCGA-HT-7610-01Z-00-DX1.npy,0,0,0,LGG_IDHmut-non-codel,1.0,830.6826481
259,TCGA-HT-7611,0.162,0.045,-0.9492,ffe15a9e-7fe4-403e-813e-3898db16b152,TCGA-HT-7611-01A,TCGA_LGG,TCGA-HT-7611-01Z-00-DX1.npy,1,1,0,LGG_IDHmut-non-codel,1.0,4878.591035
260,TCGA-HT-7616,2.2886,2.2563,2.3045,3ef30cca-849b-4335-80a9-e596c7559164,TCGA-HT-7616-01A,TCGA_LGG,TCGA-HT-7616-01Z-00-DX1.npy,1,1,1,LGG_IDHmut-codel,2.0,65836.4688
261,TCGA-HT-7620,-1.3682,-0.6383,-0.7314,94de3643-395a-4e59-9cd7-a9b04da18bc5,TCGA-HT-7620-01A,TCGA_LGG,TCGA-HT-7620-01Z-00-DX5.npy,0,0,0,LGG_IDHmut-codel,2.0,1161.820038
262,TCGA-HT-7620,-1.3682,-0.6383,-0.7314,94de3643-395a-4e59-9cd7-a9b04da18bc5,TCGA-HT-7620-01A,TCGA_LGG,TCGA-HT-7620-01Z-00-DX4.npy,0,0,0,LGG_IDHmut-codel,2.0,1161.820038
263,TCGA-HT-7620,-1.3682,-0.6383,-0.7314,94de3643-395a-4e59-9cd7-a9b04da18bc5,TCGA-HT-7620-01A,TCGA_LGG,TCGA-HT-7620-01Z-00-DX3.npy,0,0,0,LGG_IDHmut-codel,2.0,1161.820038
264,TCGA-HT-7620,-1.3682,-0.6383,-0.7314,94de3643-395a-4e59-9cd7-a9b04da18bc5,TCGA-HT-7620-01A,TCGA_LGG,TCGA-HT-7620-01Z-00-DX2.npy,0,0,0,LGG_IDHmut-codel,2.0,1161.820038
265,TCGA-HT-7620,-1.3682,-0.6383,-0.7314,94de3643-395a-4e59-9cd7-a9b04da18bc5,TCGA-HT-7620-01A,TCGA_LGG,TCGA-HT-7620-01Z-00-DX1.npy,0,0,0,LGG_IDHmut-codel,2.0,1161.820038
266,TCGA-HT-7676,-0.3277,0.1614,-0.8546,67f1988a-5480-4e0e-8bf7-b5ddc01fe67d,TCGA-HT-7676-01A,TCGA_LGG,TCGA-HT-7676-01Z-00-DX1.npy,0,1,0,LGG_IDHmut-non-codel,1.0,3141.212654
267,TCGA-HT-7677,-0.0762,-0.1056,0.6083,67558630-8849-4315-a157-7cdcf318f12e,TCGA-HT-7677-01A,TCGA_LGG,TCGA-HT-7677-01Z-00-DX1.npy,0,0,1,LGG_IDHmut-codel,2.0,5371.467381
268,TCGA-HT-7677,-0.0762,-0.1056,0.6083,67558630-8849-4315-a157-7cdcf318f12e,TCGA-HT-7677-01A,TCGA_LGG,TCGA-HT-7677-01Z-00-DX5.npy,0,0,1,LGG_IDHmut-codel,2.0,5371.467381
269,TCGA-HT-7677,-0.0762,-0.1056,0.6083,67558630-8849-4315-a157-7cdcf318f12e,TCGA-HT-7677-01A,TCGA_LGG,TCGA-HT-7677-01Z-00-DX9.npy,0,0,1,LGG_IDHmut-codel,2.0,5371.467381
270,TCGA-HT-7677,-0.0762,-0.1056,0.6083,67558630-8849-4315-a157-7cdcf318f12e,TCGA-HT-7677-01A,TCGA_LGG,TCGA-HT-7677-01Z-00-DX7.npy,0,0,1,LGG_IDHmut-codel,2.0,5371.467381
271,TCGA-HT-7677,-0.0762,-0.1056,0.6083,67558630-8849-4315-a157-7cdcf318f12e,TCGA-HT-7677-01A,TCGA_LGG,TCGA-HT-7677-01Z-00-DX3.npy,0,0,1,LGG_IDHmut-codel,2.0,5371.467381
272,TCGA-HT-7677,-0.0762,-0.1056,0.6083,67558630-8849-4315-a157-7cdcf318f12e,TCGA-HT-7677-01A,TCGA_LGG,TCGA-HT-7677-01Z-00-DX4.npy,0,0,1,LGG_IDHmut-codel,2.0,5371.467381
273,TCGA-HT-7677,-0.0762,-0.1056,0.6083,67558630-8849-4315-a157-7cdcf318f12e,TCGA-HT-7677-01A,TCGA_LGG,TCGA-HT-7677-01Z-00-DX2.npy,0,0,1,LGG_IDHmut-codel,2.0,5371.467381
274,TCGA-HT-7677,-0.0762,-0.1056,0.6083,67558630-8849-4315-a157-7cdcf318f12e,TCGA-HT-7677-01A,TCGA_LGG,TCGA-HT-7677-01Z-00-DX6.npy,0,0,1,LGG_IDHmut-codel,2.0,5371.467381
275,TCGA-HT-7677,-0.0762,-0.1056,0.6083,67558630-8849-4315-a157-7cdcf318f12e,TCGA-HT-7677-01A,TCGA_LGG,TCGA-HT-7677-01Z-00-DX8.npy,0,0,1,LGG_IDHmut-codel,2.0,5371.467381
276,TCGA-HT-7680,0.7481,0.6774,0.7796,f8d9fc6f-c1e1-4082-906d-dcf6dd3586a9,TCGA-HT-7680-01A,TCGA_LGG,TCGA-HT-7680-01Z-00-DX2.npy,1,1,1,LGG_IDHwt,0.0,9954.887048999999
277,TCGA-HT-7680,0.7481,0.6774,0.7796,f8d9fc6f-c1e1-4082-906d-dcf6dd3586a9,TCGA-HT-7680-01A,TCGA_LGG,TCGA-HT-7680-01Z-00-DX3.npy,1,1,1,LGG_IDHwt,0.0,9954.887048999999
278,TCGA-HT-7681,1.3862,1.1655,1.4806,45074197-cf70-4584-848f-a421b5fe2b4f,TCGA-HT-7681-01A,TCGA_LGG,TCGA-HT-7681-01Z-00-DX3.npy,1,1,1,LGG_IDHmut-codel,2.0,22415.39528
279,TCGA-HT-7681,1.3862,1.1655,1.4806,45074197-cf70-4584-848f-a421b5fe2b4f,TCGA-HT-7681-01A,TCGA_LGG,TCGA-HT-7681-01Z-00-DX2.npy,1,1,1,LGG_IDHmut-codel,2.0,22415.39528
280,TCGA-HT-7684,-1.3682,-0.5875,-1.3337,4fd1bd55-f215-4a81-984c-1daca449600e,TCGA-HT-7684-01A,TCGA_LGG,TCGA-HT-7684-01Z-00-DX1.npy,0,0,0,LGG_IDHmut-non-codel,1.0,683.1199522999999
281,TCGA-HT-7684,-1.3682,-0.5875,-1.3337,4fd1bd55-f215-4a81-984c-1daca449600e,TCGA-HT-7684-01A,TCGA_LGG,TCGA-HT-7684-01Z-00-DX2.npy,0,0,0,LGG_IDHmut-non-codel,1.0,683.1199522999999
282,TCGA-HT-7684,-1.3682,-0.5875,-1.3337,4fd1bd55-f215-4a81-984c-1daca449600e,TCGA-HT-7684-01A,TCGA_LGG,TCGA-HT-7684-01Z-00-DX3.npy,0,0,0,LGG_IDHmut-non-codel,1.0,683.1199522999999
283,TCGA-HT-7684,-1.3682,-0.5875,-1.3337,4fd1bd55-f215-4a81-984c-1daca449600e,TCGA-HT-7684-01A,TCGA_LGG,TCGA-HT-7684-01Z-00-DX4.npy,0,0,0,LGG_IDHmut-non-codel,1.0,683.1199522999999
284,TCGA-HT-7684,-1.3682,-0.5875,-1.3337,4fd1bd55-f215-4a81-984c-1daca449600e,TCGA-HT-7684-01A,TCGA_LGG,TCGA-HT-7684-01Z-00-DX5.npy,0,0,0,LGG_IDHmut-non-codel,1.0,683.1199522999999
285,TCGA-HT-7686,1.0383,0.5899,-0.5526,5f0689b7-64ca-45bc-a855-d11c0aeed5c6,TCGA-HT-7686-01A,TCGA_LGG,TCGA-HT-7686-01Z-00-DX1.npy,1,1,0,LGG_IDHmut-non-codel,1.0,13971.55679
286,TCGA-HT-7687,1.0118,0.7993,0.4421,3fdb7c44-1f4d-4260-b0b7-f9065fba6728,TCGA-HT-7687-01A,TCGA_LGG,TCGA-HT-7687-01Z-00-DX3.npy,1,1,1,LGG_IDHmut-codel,2.0,12915.21588
287,TCGA-HT-7687,1.0118,0.7993,0.4421,3fdb7c44-1f4d-4260-b0b7-f9065fba6728,TCGA-HT-7687-01A,TCGA_LGG,TCGA-HT-7687-01Z-00-DX4.npy,1,1,1,LGG_IDHmut-codel,2.0,12915.21588
288,TCGA-HT-7687,1.0118,0.7993,0.4421,3fdb7c44-1f4d-4260-b0b7-f9065fba6728,TCGA-HT-7687-01A,TCGA_LGG,TCGA-HT-7687-01Z-00-DX2.npy,1,1,1,LGG_IDHmut-codel,2.0,12915.21588
289,TCGA-HT-7688,-0.8014,-0.4435,-0.4817,d556e4de-9099-4dd0-a613-8424e230afb6,TCGA-HT-7688-01A,TCGA_LGG,TCGA-HT-7688-01Z-00-DX1.npy,0,0,0,LGG_IDHmut-non-codel,1.0,2049.081203
290,TCGA-HT-7688,-0.8014,-0.4435,-0.4817,d556e4de-9099-4dd0-a613-8424e230afb6,TCGA-HT-7688-01A,TCGA_LGG,TCGA-HT-7688-01Z-00-DX5.npy,0,0,0,LGG_IDHmut-non-codel,1.0,2049.081203
291,TCGA-HT-7688,-0.8014,-0.4435,-0.4817,d556e4de-9099-4dd0-a613-8424e230afb6,TCGA-HT-7688-01A,TCGA_LGG,TCGA-HT-7688-01Z-00-DX2.npy,0,0,0,LGG_IDHmut-non-codel,1.0,2049.081203
292,TCGA-HT-7688,-0.8014,-0.4435,-0.4817,d556e4de-9099-4dd0-a613-8424e230afb6,TCGA-HT-7688-01A,TCGA_LGG,TCGA-HT-7688-01Z-00-DX9.npy,0,0,0,LGG_IDHmut-non-codel,1.0,2049.081203
293,TCGA-HT-7688,-0.8014,-0.4435,-0.4817,d556e4de-9099-4dd0-a613-8424e230afb6,TCGA-HT-7688-01A,TCGA_LGG,TCGA-HT-7688-01Z-00-DX7.npy,0,0,0,LGG_IDHmut-non-codel,1.0,2049.081203
294,TCGA-HT-7688,-0.8014,-0.4435,-0.4817,d556e4de-9099-4dd0-a613-8424e230afb6,TCGA-HT-7688-01A,TCGA_LGG,TCGA-HT-7688-01Z-00-DX3.npy,0,0,0,LGG_IDHmut-non-codel,1.0,2049.081203
295,TCGA-HT-7688,-0.8014,-0.4435,-0.4817,d556e4de-9099-4dd0-a613-8424e230afb6,TCGA-HT-7688-01A,TCGA_LGG,TCGA-HT-7688-01Z-00-DX6.npy,0,0,0,LGG_IDHmut-non-codel,1.0,2049.081203
296,TCGA-HT-7688,-0.8014,-0.4435,-0.4817,d556e4de-9099-4dd0-a613-8424e230afb6,TCGA-HT-7688-01A,TCGA_LGG,TCGA-HT-7688-01Z-00-DX8.npy,0,0,0,LGG_IDHmut-non-codel,1.0,2049.081203
297,TCGA-HT-7689,-1.3682,-1.3416,-1.3337,000e76af-9529-4e0b-b300-c602f5f717d2,TCGA-HT-7689-01A,TCGA_LGG,TCGA-HT-7689-01Z-00-DX2.npy,0,0,0,LGG_IDHmut-non-codel,1.0,1124.400694
298,TCGA-HT-7689,-1.3682,-1.3416,-1.3337,000e76af-9529-4e0b-b300-c602f5f717d2,TCGA-HT-7689-01A,TCGA_LGG,TCGA-HT-7689-01Z-00-DX3.npy,0,0,0,LGG_IDHmut-non-codel,1.0,1124.400694
299,TCGA-HT-7690,1.4104,1.4899,0.4673,2e666313-09c2-4484-84a7-9da66906de61,TCGA-HT-7690-01A,TCGA_LGG,TCGA-HT-7690-01Z-00-DX1.npy,1,1,1,LGG_IDHmut-non-codel,1.0,22438.53245
300,TCGA-HT-7691,-0.0289,0.4513,-0.0972,41e72bef-6f72-4689-ac69-605f20b82b5d,TCGA-HT-7691-01A,TCGA_LGG,TCGA-HT-7691-01Z-00-DX1.npy,0,1,0,LGG_IDHwt,0.0,5463.102304999999
301,TCGA-HT-7691,-0.0289,0.4513,-0.0972,41e72bef-6f72-4689-ac69-605f20b82b5d,TCGA-HT-7691-01A,TCGA_LGG,TCGA-HT-7691-01Z-00-DX2.npy,0,1,0,LGG_IDHwt,0.0,5463.102304999999
302,TCGA-HT-7692,-0.8324,-0.2928,-1.3337,df5d924f-56b7-4d70-8a48-86bb124de4d0,TCGA-HT-7692-01A,TCGA_LGG,TCGA-HT-7692-01Z-00-DX1.npy,0,0,0,LGG_IDHmut-codel,2.0,826.7482832999999
303,TCGA-HT-7693,0.4629,0.7241,-0.0417,871c04c6-7b36-4a3f-b8ad-e731ef6b18d5,TCGA-HT-7693-01A,TCGA_LGG,TCGA-HT-7693-01Z-00-DX2.npy,1,1,0,LGG_IDHmut-non-codel,1.0,8668.940359
304,TCGA-HT-7693,0.4629,0.7241,-0.0417,871c04c6-7b36-4a3f-b8ad-e731ef6b18d5,TCGA-HT-7693-01A,TCGA_LGG,TCGA-HT-7693-01Z-00-DX1.npy,1,1,0,LGG_IDHmut-non-codel,1.0,8668.940359
305,TCGA-HT-7693,0.4629,0.7241,-0.0417,871c04c6-7b36-4a3f-b8ad-e731ef6b18d5,TCGA-HT-7693-01A,TCGA_LGG,TCGA-HT-7693-01Z-00-DX3.npy,1,1,0,LGG_IDHmut-non-codel,1.0,8668.940359
306,TCGA-HT-7694,-1.099,-0.9312,-0.6143,d0090e52-723c-4b1a-80f8-8991190ff673,TCGA-HT-7694-01A,TCGA_LGG,TCGA-HT-7694-01Z-00-DX4.npy,0,0,0,LGG_IDHmut-codel,2.0,1069.297614
307,TCGA-HT-7694,-1.099,-0.9312,-0.6143,d0090e52-723c-4b1a-80f8-8991190ff673,TCGA-HT-7694-01A,TCGA_LGG,TCGA-HT-7694-01Z-00-DX5.npy,0,0,0,LGG_IDHmut-codel,2.0,1069.297614
308,TCGA-HT-7694,-1.099,-0.9312,-0.6143,d0090e52-723c-4b1a-80f8-8991190ff673,TCGA-HT-7694-01A,TCGA_LGG,TCGA-HT-7694-01Z-00-DX6.npy,0,0,0,LGG_IDHmut-codel,2.0,1069.297614
309,TCGA-HT-7694,-1.099,-0.9312,-0.6143,d0090e52-723c-4b1a-80f8-8991190ff673,TCGA-HT-7694-01A,TCGA_LGG,TCGA-HT-7694-01Z-00-DX7.npy,0,0,0,LGG_IDHmut-codel,2.0,1069.297614
310,TCGA-HT-7694,-1.099,-0.9312,-0.6143,d0090e52-723c-4b1a-80f8-8991190ff673,TCGA-HT-7694-01A,TCGA_LGG,TCGA-HT-7694-01Z-00-DX8.npy,0,0,0,LGG_IDHmut-codel,2.0,1069.297614
311,TCGA-HT-7694,-1.099,-0.9312,-0.6143,d0090e52-723c-4b1a-80f8-8991190ff673,TCGA-HT-7694-01A,TCGA_LGG,TCGA-HT-7694-01Z-00-DX2.npy,0,0,0,LGG_IDHmut-codel,2.0,1069.297614
312,TCGA-HT-7694,-1.099,-0.9312,-0.6143,d0090e52-723c-4b1a-80f8-8991190ff673,TCGA-HT-7694-01A,TCGA_LGG,TCGA-HT-7694-01Z-00-DX3.npy,0,0,0,LGG_IDHmut-codel,2.0,1069.297614
313,TCGA-HT-7695,-0.5926,-0.8159,-1.3337,202c87e6-40e3-45c5-86e7-3cd0b53bec9b,TCGA-HT-7695-01A,TCGA_LGG,TCGA-HT-7695-01Z-00-DX1.npy,0,0,0,LGG_IDHmut-codel,2.0,2189.109658
314,TCGA-HT-7854,-0.002,0.5137,-0.066,e4667b00-e9b1-470c-a99a-903c56ab0a76,TCGA-HT-7854-01A,TCGA_LGG,TCGA-HT-7854-01Z-00-DX1.npy,0,1,0,LGG_IDHwt,0.0,8999.565282
315,TCGA-HT-7854,-0.002,0.5137,-0.066,e4667b00-e9b1-470c-a99a-903c56ab0a76,TCGA-HT-7854-01A,TCGA_LGG,TCGA-HT-7854-01Z-00-DX2.npy,0,1,0,LGG_IDHwt,0.0,8999.565282
316,TCGA-HT-7855,-1.3682,-0.9741,-1.3337,3cd3c0ca-c97b-4ede-838c-5e9d0d56ea0f,TCGA-HT-7855-01A,TCGA_LGG,TCGA-HT-7855-01Z-00-DX1.npy,0,0,0,LGG_IDHmut-non-codel,1.0,0.0
317,TCGA-HT-7856,-0.7493,0.0136,-1.3337,c185e4d2-3794-4120-8f2f-6a9ed5786547,TCGA-HT-7856-01A,TCGA_LGG,TCGA-HT-7856-01Z-00-DX1.npy,0,1,0,LGG_IDHmut-codel,2.0,1978.8763199999999
318,TCGA-HT-7856,-0.7493,0.0136,-1.3337,c185e4d2-3794-4120-8f2f-6a9ed5786547,TCGA-HT-7856-01A,TCGA_LGG,TCGA-HT-7856-01Z-00-DX5.npy,0,1,0,LGG_IDHmut-codel,2.0,1978.8763199999999
319,TCGA-HT-7856,-0.7493,0.0136,-1.3337,c185e4d2-3794-4120-8f2f-6a9ed5786547,TCGA-HT-7856-01A,TCGA_LGG,TCGA-HT-7856-01Z-00-DX7.npy,0,1,0,LGG_IDHmut-codel,2.0,1978.8763199999999
320,TCGA-HT-7856,-0.7493,0.0136,-1.3337,c185e4d2-3794-4120-8f2f-6a9ed5786547,TCGA-HT-7856-01A,TCGA_LGG,TCGA-HT-7856-01Z-00-DX8.npy,0,1,0,LGG_IDHmut-codel,2.0,1978.8763199999999
321,TCGA-HT-7857,2.6267,2.4747,3.7545,47d60bcf-fa68-4232-b55c-5bd494462e38,TCGA-HT-7857-01A,TCGA_LGG,TCGA-HT-7857-01Z-00-DX1.npy,1,1,1,LGG_IDHwt,0.0,83278.75025
322,TCGA-HT-7857,2.6267,2.4747,3.7545,47d60bcf-fa68-4232-b55c-5bd494462e38,TCGA-HT-7857-01A,TCGA_LGG,TCGA-HT-7857-01Z-00-DX2.npy,1,1,1,LGG_IDHwt,0.0,83278.75025
323,TCGA-HT-7858,0.9643,1.6798,0.1907,81a4e5f3-862c-4740-9772-9019e4de4207,TCGA-HT-7858-01A,TCGA_LGG,TCGA-HT-7858-01Z-00-DX4.npy,1,1,1,LGG_IDHmut-non-codel,1.0,14338.6943
324,TCGA-HT-7858,0.9643,1.6798,0.1907,81a4e5f3-862c-4740-9772-9019e4de4207,TCGA-HT-7858-01A,TCGA_LGG,TCGA-HT-7858-01Z-00-DX3.npy,1,1,1,LGG_IDHmut-non-codel,1.0,14338.6943
325,TCGA-HT-7858,0.9643,1.6798,0.1907,81a4e5f3-862c-4740-9772-9019e4de4207,TCGA-HT-7858-01A,TCGA_LGG,TCGA-HT-7858-01Z-00-DX1.npy,1,1,1,LGG_IDHmut-non-codel,1.0,14338.6943
326,TCGA-HT-7858,0.9643,1.6798,0.1907,81a4e5f3-862c-4740-9772-9019e4de4207,TCGA-HT-7858-01A,TCGA_LGG,TCGA-HT-7858-01Z-00-DX2.npy,1,1,1,LGG_IDHmut-non-codel,1.0,14338.6943
327,TCGA-HT-7860,0.7778,0.9852,1.2265,bed1c539-8c2c-450d-8a12-a67387d6976d,TCGA-HT-7860-01A,TCGA_LGG,TCGA-HT-7860-01Z-00-DX3.npy,1,1,1,LGG_IDHwt,0.0,15668.50458
328,TCGA-HT-7860,0.7778,0.9852,1.2265,bed1c539-8c2c-450d-8a12-a67387d6976d,TCGA-HT-7860-01A,TCGA_LGG,TCGA-HT-7860-01Z-00-DX1.npy,1,1,1,LGG_IDHwt,0.0,15668.50458
329,TCGA-HT-7873,-1.3682,-1.2306,-1.3337,4d92f54d-3918-487c-b508-81ef4cf49573,TCGA-HT-7873-01B,TCGA_LGG,TCGA-HT-7873-01Z-00-DX1.npy,0,0,0,LGG_IDHmut-non-codel,1.0,0.0
330,TCGA-HT-7873,-1.3682,-1.2306,-1.3337,4d92f54d-3918-487c-b508-81ef4cf49573,TCGA-HT-7873-01B,TCGA_LGG,TCGA-HT-7873-01Z-00-DX2.npy,0,0,0,LGG_IDHmut-non-codel,1.0,0.0
331,TCGA-HT-7874,-1.3682,-0.9203,-1.3337,8dfd8b97-1d3a-4067-989f-199adba51c9e,TCGA-HT-7874-01A,TCGA_LGG,TCGA-HT-7874-01Z-00-DX2.npy,0,0,0,LGG_IDHmut-codel,2.0,717.6175099
332,TCGA-HT-7874,-1.3682,-0.9203,-1.3337,8dfd8b97-1d3a-4067-989f-199adba51c9e,TCGA-HT-7874-01A,TCGA_LGG,TCGA-HT-7874-01Z-00-DX1.npy,0,0,0,LGG_IDHmut-codel,2.0,717.6175099
333,TCGA-HT-7874,-1.3682,-0.9203,-1.3337,8dfd8b97-1d3a-4067-989f-199adba51c9e,TCGA-HT-7874-01A,TCGA_LGG,TCGA-HT-7874-01Z-00-DX3.npy,0,0,0,LGG_IDHmut-codel,2.0,717.6175099
334,TCGA-HT-7874,-1.3682,-0.9203,-1.3337,8dfd8b97-1d3a-4067-989f-199adba51c9e,TCGA-HT-7874-01A,TCGA_LGG,TCGA-HT-7874-01Z-00-DX5.npy,0,0,0,LGG_IDHmut-codel,2.0,717.6175099
335,TCGA-HT-7875,-1.3682,-1.9298,-0.9503,355eec1b-326e-4867-8486-912f478138ae,TCGA-HT-7875-01A,TCGA_LGG,TCGA-HT-7875-01Z-00-DX2.npy,0,0,0,LGG_IDHmut-codel,2.0,0.0
336,TCGA-HT-7877,-1.3682,-0.0865,-0.0002,fb6a3ee6-b7d5-4350-b29b-5ebe9f96eb61,TCGA-HT-7877-01A,TCGA_LGG,TCGA-HT-7877-01Z-00-DX1.npy,0,0,0,LGG_IDHmut-codel,2.0,1946.961365
337,TCGA-HT-7877,-1.3682,-0.0865,-0.0002,fb6a3ee6-b7d5-4350-b29b-5ebe9f96eb61,TCGA-HT-7877-01A,TCGA_LGG,TCGA-HT-7877-01Z-00-DX5.npy,0,0,0,LGG_IDHmut-codel,2.0,1946.961365
338,TCGA-HT-7877,-1.3682,-0.0865,-0.0002,fb6a3ee6-b7d5-4350-b29b-5ebe9f96eb61,TCGA-HT-7877-01A,TCGA_LGG,TCGA-HT-7877-01Z-00-DX4.npy,0,0,0,LGG_IDHmut-codel,2.0,1946.961365
339,TCGA-HT-7877,-1.3682,-0.0865,-0.0002,fb6a3ee6-b7d5-4350-b29b-5ebe9f96eb61,TCGA-HT-7877-01A,TCGA_LGG,TCGA-HT-7877-01Z-00-DX3.npy,0,0,0,LGG_IDHmut-codel,2.0,1946.961365
340,TCGA-HT-7879,-1.3682,-1.2241,-0.9261,b295f30e-4c98-4c80-9439-731005270768,TCGA-HT-7879-01A,TCGA_LGG,TCGA-HT-7879-01Z-00-DX3.npy,0,0,0,LGG_IDHmut-non-codel,1.0,354.8463045
341,TCGA-HT-7879,-1.3682,-1.2241,-0.9261,b295f30e-4c98-4c80-9439-731005270768,TCGA-HT-7879-01A,TCGA_LGG,TCGA-HT-7879-01Z-00-DX1.npy,0,0,0,LGG_IDHmut-non-codel,1.0,354.8463045
342,TCGA-HT-7880,-0.0905,0.4158,0.0186,14436632-d227-48a7-812b-a60e5bec24ba,TCGA-HT-7880-01A,TCGA_LGG,TCGA-HT-7880-01Z-00-DX2.npy,0,1,1,LGG_IDHmut-non-codel,1.0,5772.632965999999
343,TCGA-HT-7881,-0.5574,-0.3758,-0.1149,80ea27b0-8dcc-45cd-9a47-0fc6c43c3469,TCGA-HT-7881-01A,TCGA_LGG,TCGA-HT-7881-01Z-00-DX1.npy,0,0,0,LGG_IDHmut-codel,2.0,3570.236367
344,TCGA-HT-7881,-0.5574,-0.3758,-0.1149,80ea27b0-8dcc-45cd-9a47-0fc6c43c3469,TCGA-HT-7881-01A,TCGA_LGG,TCGA-HT-7881-01Z-00-DX4.npy,0,0,0,LGG_IDHmut-codel,2.0,3570.236367
345,TCGA-HT-7881,-0.5574,-0.3758,-0.1149,80ea27b0-8dcc-45cd-9a47-0fc6c43c3469,TCGA-HT-7881-01A,TCGA_LGG,TCGA-HT-7881-01Z-00-DX5.npy,0,0,0,LGG_IDHmut-codel,2.0,3570.236367
346,TCGA-HT-7881,-0.5574,-0.3758,-0.1149,80ea27b0-8dcc-45cd-9a47-0fc6c43c3469,TCGA-HT-7881-01A,TCGA_LGG,TCGA-HT-7881-01Z-00-DX2.npy,0,0,0,LGG_IDHmut-codel,2.0,3570.236367
347,TCGA-HT-7882,2.6264,2.5035,3.4362,efcb6834-fddf-4949-afd9-a304ec975214,TCGA-HT-7882-01A,TCGA_LGG,TCGA-HT-7882-01Z-00-DX2.npy,1,1,1,LGG_IDHwt,0.0,85273.96361
348,TCGA-HT-7882,2.6264,2.5035,3.4362,efcb6834-fddf-4949-afd9-a304ec975214,TCGA-HT-7882-01A,TCGA_LGG,TCGA-HT-7882-01Z-00-DX4.npy,1,1,1,LGG_IDHwt,0.0,85273.96361
349,TCGA-HT-7882,2.6264,2.5035,3.4362,efcb6834-fddf-4949-afd9-a304ec975214,TCGA-HT-7882-01A,TCGA_LGG,TCGA-HT-7882-01Z-00-DX5.npy,1,1,1,LGG_IDHwt,0.0,85273.96361
350,TCGA-HT-7882,2.6264,2.5035,3.4362,efcb6834-fddf-4949-afd9-a304ec975214,TCGA-HT-7882-01A,TCGA_LGG,TCGA-HT-7882-01Z-00-DX1.npy,1,1,1,LGG_IDHwt,0.0,85273.96361
351,TCGA-HT-7882,2.6264,2.5035,3.4362,efcb6834-fddf-4949-afd9-a304ec975214,TCGA-HT-7882-01A,TCGA_LGG,TCGA-HT-7882-01Z-00-DX3.npy,1,1,1,LGG_IDHwt,0.0,85273.96361
352,TCGA-HT-7884,-0.8453,-1.3072,-0.2737,7748f9b2-e301-47a3-8974-75b57a5bbe24,TCGA-HT-7884-01B,TCGA_LGG,TCGA-HT-7884-01Z-00-DX1.npy,0,0,0,LGG_IDHmut-non-codel,1.0,766.9585072000001
353,TCGA-HT-7902,0.0091,0.8240000000000001,0.5229,2e7f2faf-4f56-49f6-82ca-6acf34633c44,TCGA-HT-7902-01A,TCGA_LGG,TCGA-HT-7902-01Z-00-DX2.npy,1,1,1,LGG_IDHmut-non-codel,1.0,6644.606573
354,TCGA-HT-7902,0.0091,0.8240000000000001,0.5229,2e7f2faf-4f56-49f6-82ca-6acf34633c44,TCGA-HT-7902-01A,TCGA_LGG,TCGA-HT-7902-01Z-00-DX1.npy,1,1,1,LGG_IDHmut-non-codel,1.0,6644.606573
355,TCGA-HT-8010,-0.589,-0.0101,-0.8290000000000001,5326885f-2fa7-47e4-93a3-fb78e4ca3a84,TCGA-HT-8010-01A,TCGA_LGG,TCGA-HT-8010-01Z-00-DX1.npy,0,0,0,LGG_IDHmut-codel,2.0,2250.054901
356,TCGA-HT-8013,-0.9212,-0.9036,-0.9585,228dfb34-92d8-476f-98e1-052c9568ebb6,TCGA-HT-8013-01A,TCGA_LGG,TCGA-HT-8013-01Z-00-DX1.npy,0,0,0,LGG_IDHmut-non-codel,1.0,658.364688
357,TCGA-HT-8018,1.3406,1.4226,0.698,9fb56dd1-5f6f-4a85-a167-4648f7ad3172,TCGA-HT-8018-01A,TCGA_LGG,TCGA-HT-8018-01Z-00-DX1.npy,1,1,1,LGG_IDHmut-non-codel,1.0,20927.69784
358,TCGA-HT-8019,-1.3682,-1.4121,-1.3337,3f70d5af-b148-44cd-8e94-1540fbc34b67,TCGA-HT-8019-01A,TCGA_LGG,TCGA-HT-8019-01Z-00-DX1.npy,0,0,0,,,0.0
359,TCGA-HT-8105,-1.099,0.0123,-0.929,61fa30fe-cfbc-441d-9068-08b0db00d332,TCGA-HT-8105-01A,TCGA_LGG,TCGA-HT-8105-01Z-00-DX1.npy,0,1,0,LGG_IDHmut-codel,2.0,2000.327554
360,TCGA-HT-8108,0.2446,0.3255,-0.8811,0a954c20-3aaf-4860-94cb-1ae78ea5d25a,TCGA-HT-8108-01A,TCGA_LGG,TCGA-HT-8108-01Z-00-DX1.npy,1,1,0,LGG_IDHmut-non-codel,1.0,7500.540582
361,TCGA-HT-8109,-0.507,0.0468,-0.0392,72f826fe-ec0f-40fa-a33c-577eb141cfa7,TCGA-HT-8109-01A,TCGA_LGG,TCGA-HT-8109-01Z-00-DX1.npy,0,1,0,LGG_IDHmut-codel,2.0,3069.474289
362,TCGA-HT-8110,1.409,1.3923,1.2852,56e2a4e8-9893-4cd5-b7c8-47982896836f,TCGA-HT-8110-01A,TCGA_LGG,TCGA-HT-8110-01Z-00-DX1.npy,1,1,1,LGG_IDHwt,0.0,26785.101459999998
363,TCGA-HT-8113,0.0712,0.2734,-0.4252,2b7c5e44-c58b-4314-8353-6cc396b41dfd,TCGA-HT-8113-01A,TCGA_LGG,TCGA-HT-8113-01Z-00-DX1.npy,1,1,0,LGG_IDHmut-non-codel,1.0,6848.221386
364,TCGA-HT-8114,0.8368,0.9802,0.0379,977ddb22-4d89-4729-a375-e595c9d5aab2,TCGA-HT-8114-01A,TCGA_LGG,TCGA-HT-8114-01Z-00-DX1.npy,1,1,1,LGG_IDHmut-non-codel,1.0,14120.15214
365,TCGA-HT-8558,-1.0811,-0.5435,-1.3337,fea29800-84ad-4c17-8dca-9b7014bed5ae,TCGA-HT-8558-01A,TCGA_LGG,TCGA-HT-8558-01Z-00-DX1.npy,0,0,0,,,377.85915389999997
366,TCGA-HT-8564,0.6915,0.9631,0.6297,d40ff203-b6f4-4d00-ab98-12d2a0708242,TCGA-HT-8564-01A,TCGA_LGG,TCGA-HT-8564-01Z-00-DX1.npy,1,1,1,LGG_IDHwt,0.0,11858.38385
367,TCGA-HT-A4DS,2.2453,1.5798,-0.5741,39dcd819-2f36-4d20-af1f-675373e5cb12,TCGA-HT-A4DS-01A,TCGA_LGG,TCGA-HT-A4DS-01Z-00-DX2.npy,1,1,0,LGG_IDHwt,0.0,60454.517210000005
368,TCGA-HT-A4DS,2.2453,1.5798,-0.5741,39dcd819-2f36-4d20-af1f-675373e5cb12,TCGA-HT-A4DS-01A,TCGA_LGG,TCGA-HT-A4DS-01Z-00-DX1.npy,1,1,0,LGG_IDHwt,0.0,60454.517210000005
369,TCGA-HT-A4DV,-0.8117,0.2641,-1.3337,7df2f9a2-b9bb-4b9f-bf2f-23ddc914ad75,TCGA-HT-A4DV-01A,TCGA_LGG,TCGA-HT-A4DV-01Z-00-DX2.npy,0,1,0,LGG_IDHmut-codel,2.0,7200.175684000001
370,TCGA-HT-A5R7,-0.9978,-0.5344,-1.3337,1048df9e-785f-44be-916b-b8eb0c73cfee,TCGA-HT-A5R7-01A,TCGA_LGG,TCGA-HT-A5R7-01Z-00-DX1.npy,0,0,0,LGG_IDHmut-non-codel,1.0,1551.791828
371,TCGA-HT-A5R9,0.7241,1.1948,-1.3337,d100bd57-a237-476a-a30e-138c42b8d599,TCGA-HT-A5R9-01A,TCGA_LGG,TCGA-HT-A5R9-01Z-00-DX1.npy,1,1,0,LGG_IDHmut-codel,2.0,14708.6258
372,TCGA-HT-A5RB,-1.3682,-1.6024,-1.3337,8129b55a-3000-4389-a3f4-d5f777249d6b,TCGA-HT-A5RB-01A,TCGA_LGG,TCGA-HT-A5RB-01Z-00-DX1.npy,0,0,0,LGG_IDHmut-non-codel,1.0,1536.288675
373,TCGA-HT-A614,-1.3682,-0.321,-0.7684,a57b34fb-8d90-4e41-bf59-33bf2454859e,TCGA-HT-A614-01A,TCGA_LGG,TCGA-HT-A614-01Z-00-DX1.npy,0,0,0,LGG_IDHmut-non-codel,1.0,1566.280487
374,TCGA-HT-A616,-0.20800000000000002,-1.3664,-0.3745,61ce0afb-85c8-4300-b7b3-5591c86469f4,TCGA-HT-A616-01A,TCGA_LGG,TCGA-HT-A616-01Z-00-DX1.npy,0,0,0,LGG_IDHmut-non-codel,1.0,3608.7087420000003
375,TCGA-HT-A617,2.2278,2.3271,1.1791,17751587-f7c3-4aca-8900-474ebe472308,TCGA-HT-A617-01A,TCGA_LGG,TCGA-HT-A617-01Z-00-DX1.npy,1,1,1,LGG_IDHwt,0.0,53952.26534
376,TCGA-HT-A618,0.7736,0.9041,0.5913,3423e181-7fd6-4065-89c5-dda121f49ea3,TCGA-HT-A618-01A,TCGA_LGG,TCGA-HT-A618-01Z-00-DX1.npy,1,1,1,LGG_IDHmut-non-codel,1.0,16457.54442
377,TCGA-HT-A61A,-0.9945,-0.3881,-0.3702,8c320c02-edf9-4a88-90dc-2dad2256f93b,TCGA-HT-A61A-01A,TCGA_LGG,TCGA-HT-A61A-01Z-00-DX1.npy,0,0,0,,,1517.5182300000001
378,TCGA-HT-A61B,0.0669,0.3454,-0.8108,800c7164-69b8-4a7b-b4b7-72f034a3b667,TCGA-HT-A61B-01A,TCGA_LGG,TCGA-HT-A61B-01Z-00-DX1.npy,1,1,0,LGG_IDHmut-non-codel,1.0,5748.604885
379,TCGA-HT-A61C,0.8152,1.1914,1.33,33da7366-298d-4945-8071-8112059c18ac,TCGA-HT-A61C-01A,TCGA_LGG,TCGA-HT-A61C-01Z-00-DX1.npy,1,1,1,LGG_IDHwt,0.0,12820.95799
380,TCGA-HT-A74J,-1.0278,-0.6023,0.0961,26af563b-f659-4708-8146-2306806eb2cb,TCGA-HT-A74J-01A,TCGA_LGG,TCGA-HT-A74J-01Z-00-DX1.npy,0,0,1,LGG_IDHmut-non-codel,1.0,447.76466919999996
381,TCGA-HT-A74K,-0.6301,-0.069,-1.3337,e6ce1291-17b1-4c69-ba09-7f5968a9896f,TCGA-HT-A74K-01A,TCGA_LGG,TCGA-HT-A74K-01Z-00-DX1.npy,0,0,0,LGG_IDHmut-codel,2.0,3361.7309960000002
382,TCGA-HT-A74O,1.8718,1.5841,0.5911,ddb37c0c-5425-4ad7-a8bb-aa445f0bcbbf,TCGA-HT-A74O-01A,TCGA_LGG,TCGA-HT-A74O-01Z-00-DX1.npy,1,1,1,LGG_IDHmut-non-codel,1.0,37858.21167
383,TCGA-HW-7486,-0.2872,-0.3416,-0.9009,ebb165ec-5892-4c7b-b1aa-50dd4e52416f,TCGA-HW-7486-01A,TCGA_LGG,TCGA-HW-7486-01Z-00-DX1.npy,0,0,0,LGG_IDHmut-codel,2.0,3150.900153
384,TCGA-HW-7487,-1.3682,-1.0673,-1.3337,653d83a2-5055-420d-a25f-eacd1c9d82fe,TCGA-HW-7487-01A,TCGA_LGG,TCGA-HW-7487-01Z-00-DX1.npy,0,0,0,LGG_IDHmut-codel,2.0,667.4476917000001
385,TCGA-HW-7489,-1.0853,-1.6801,-1.3337,e325edde-8dac-4831-af73-a34fdec35234,TCGA-HW-7489-01A,TCGA_LGG,TCGA-HW-7489-01Z-00-DX1.npy,0,0,0,LGG_IDHmut-non-codel,1.0,743.7093115
386,TCGA-HW-7491,-0.5198,-0.8568,-0.6827,343afa7f-0f25-487d-bc29-cea968b7545c,TCGA-HW-7491-01A,TCGA_LGG,TCGA-HW-7491-01Z-00-DX1.npy,0,0,0,LGG_IDHmut-codel,2.0,2296.026161
387,TCGA-HW-7493,0.1524,0.7965,0.8333,ecf6c7d6-a23e-4d0b-9ade-c0f81a5ef5c1,TCGA-HW-7493-01A,TCGA_LGG,TCGA-HW-7493-01Z-00-DX1.npy,1,1,1,,,7994.913458
388,TCGA-HW-8319,-1.3682,-1.04,-0.9423,4a4166f1-4025-4719-aca6-8ab02e5bdd0b,TCGA-HW-8319-01A,TCGA_LGG,TCGA-HW-8319-01Z-00-DX1.npy,0,0,0,LGG_IDHmut-non-codel,1.0,1312.3148609999998
389,TCGA-HW-8320,-0.6886,-0.9842,-0.9067,1432636c-8df2-4bbe-8a43-977f667de52d,TCGA-HW-8320-01A,TCGA_LGG,TCGA-HW-8320-01Z-00-DX1.npy,0,0,0,LGG_IDHmut-non-codel,1.0,1526.845766
390,TCGA-HW-8322,-0.3141,0.3184,-0.679,e023d500-82e4-4d12-8622-080a6ad9e85c,TCGA-HW-8322-01A,TCGA_LGG,TCGA-HW-8322-01Z-00-DX1.npy,0,1,0,LGG_IDHmut-codel,2.0,4334.186859
391,TCGA-HW-A5KK,1.2933,1.7866,1.0984,08092c3a-4b62-403b-b3d7-3b6064d8d165,TCGA-HW-A5KK-01A,TCGA_LGG,TCGA-HW-A5KK-01Z-00-DX1.npy,1,1,1,LGG_IDHwt,0.0,23352.67787
392,TCGA-HW-A5KL,-1.3682,-0.4786,-0.3942,f01cd2fe-4ec3-45dd-8a30-4125dc2c0999,TCGA-HW-A5KL-01A,TCGA_LGG,TCGA-HW-A5KL-01Z-00-DX1.npy,0,0,0,LGG_IDHmut-non-codel,1.0,2016.723681
393,TCGA-IK-7675,-1.3682,-1.3705,-0.9413,3dee5bb7-7aa5-4662-8394-ecc63e693d97,TCGA-IK-7675-01A,TCGA_LGG,TCGA-IK-7675-01Z-00-DX1.npy,0,0,0,LGG_IDHmut-non-codel,1.0,352.9266442
394,TCGA-IK-8125,-0.2786,-0.1501,-0.4009,edfc05a7-e869-497b-918c-eea56dd4a938,TCGA-IK-8125-01A,TCGA_LGG,TCGA-IK-8125-01Z-00-DX1.npy,0,0,0,LGG_IDHmut-codel,2.0,4655.894866
395,TCGA-KT-A74X,0.6538,0.7152,-0.9746,e713d84f-c9ab-46ba-951a-6b9751c94d7e,TCGA-KT-A74X-01A,TCGA_LGG,TCGA-KT-A74X-01Z-00-DX2.npy,1,1,0,LGG_IDHmut-codel,2.0,9020.114622
396,TCGA-KT-A74X,0.6538,0.7152,-0.9746,e713d84f-c9ab-46ba-951a-6b9751c94d7e,TCGA-KT-A74X-01A,TCGA_LGG,TCGA-KT-A74X-01Z-00-DX1.npy,1,1,0,LGG_IDHmut-codel,2.0,9020.114622
397,TCGA-KT-A7W1,1.1415,1.2539,1.1199,cb1feab1-638d-446c-bb55-5fd0ec49c764,TCGA-KT-A7W1-01A,TCGA_LGG,TCGA-KT-A7W1-01Z-00-DX1.npy,1,1,1,LGG_IDHwt,0.0,16147.27154
398,TCGA-P5-A72U,2.4075,2.5966,2.2133,a0b36c35-1d6f-4fb1-97d6-a1c7d6ef3541,TCGA-P5-A72U-01A,TCGA_LGG,TCGA-P5-A72U-01Z-00-DX1.npy,1,1,1,LGG_IDHwt,0.0,64682.59979
399,TCGA-P5-A72Z,-0.8722,-1.206,-1.3337,a6ec9424-b9af-461e-b72d-75c92311539d,TCGA-P5-A72Z-01A,TCGA_LGG,TCGA-P5-A72Z-01Z-00-DX1.npy,0,0,0,LGG_IDHmut-codel,2.0,2321.551973
400,TCGA-P5-A730,-1.3682,-0.6182,-0.3828,eb8e9992-8d0d-4e67-9e86-272fdee4215a,TCGA-P5-A730-01A,TCGA_LGG,TCGA-P5-A730-01Z-00-DX1.npy,0,0,0,LGG_IDHmut-codel,2.0,2097.530171
401,TCGA-P5-A733,-0.7244,-1.5982,-1.3337,2eb2a522-856a-412d-8e85-516372903892,TCGA-P5-A733-01A,TCGA_LGG,TCGA-P5-A733-01Z-00-DX1.npy,0,0,0,LGG_IDHmut-non-codel,1.0,1582.979801
402,TCGA-P5-A737,-1.3682,-0.5142,-0.3569,5969bfb9-4b88-4cca-8543-f363db749c6d,TCGA-P5-A737-01A,TCGA_LGG,TCGA-P5-A737-01Z-00-DX1.npy,0,0,0,LGG_IDHmut-codel,2.0,1556.654034
403,TCGA-P5-A77W,-1.3682,-1.0218,-0.8624,4a9f4d8c-7f43-41c2-b0ae-b6c3eeb863c1,TCGA-P5-A77W-01A,TCGA_LGG,TCGA-P5-A77W-01Z-00-DX1.npy,0,0,0,LGG_IDHmut-codel,2.0,1254.0888519999999
404,TCGA-P5-A77X,-0.8034,-1.121,-1.3337,56c7c8c7-9936-4c2a-9ac0-a404c5f68b87,TCGA-P5-A77X-01A,TCGA_LGG,TCGA-P5-A77X-01Z-00-DX1.npy,0,0,0,LGG_IDHmut-codel,2.0,841.9446732999999
405,TCGA-P5-A780,-0.3434,-0.2745,-0.2305,61e591c1-e9f9-4687-9d86-3da64c390bca,TCGA-P5-A780-01A,TCGA_LGG,TCGA-P5-A780-01Z-00-DX1.npy,0,0,0,LGG_IDHmut-non-codel,1.0,4926.435995000001
406,TCGA-P5-A781,-0.8062,-0.5759,-0.8496,e071c5da-6514-4677-8127-74cf54a11614,TCGA-P5-A781-01A,TCGA_LGG,TCGA-P5-A781-01Z-00-DX1.npy,0,0,0,LGG_IDHmut-codel,2.0,2143.6349
407,TCGA-QH-A65R,-0.4425,-0.8856,-0.4743,690fd41a-ab24-49ca-bf9a-0a1a7e6a83d6,TCGA-QH-A65R-01A,TCGA_LGG,TCGA-QH-A65R-01Z-00-DX1.npy,0,0,0,LGG_IDHmut-codel,2.0,3624.712246
408,TCGA-QH-A65V,-1.3682,-1.3711,-1.3337,e8ad3ed7-686a-4da3-a835-cbd856f4da33,TCGA-QH-A65V-01A,TCGA_LGG,TCGA-QH-A65V-01Z-00-DX1.npy,0,0,0,LGG_IDHmut-codel,2.0,0.0
409,TCGA-QH-A65X,0.8576,0.7338,-0.7309,5314a54c-01a4-4d4f-ac90-caa662f2df3c,TCGA-QH-A65X-01A,TCGA_LGG,TCGA-QH-A65X-01Z-00-DX1.npy,1,1,0,LGG_IDHmut-codel,2.0,13239.06517
410,TCGA-QH-A65Z,-0.5747,-0.45899999999999996,-0.4395,dca449b5-3980-416d-8f5a-8ed1cf59783a,TCGA-QH-A65Z-01A,TCGA_LGG,TCGA-QH-A65Z-01Z-00-DX1.npy,0,0,0,LGG_IDHmut-codel,2.0,3840.950097
411,TCGA-QH-A6CS,-0.4894,-0.5713,-0.7473,584217b0-d47d-4775-85a1-4fabad9065fb,TCGA-QH-A6CS-01A,TCGA_LGG,TCGA-QH-A6CS-01Z-00-DX1.npy,0,0,0,LGG_IDHwt,0.0,3453.7741119999996
412,TCGA-QH-A6CU,-0.9493,-0.2889,-1.3337,8e0d1bed-df71-4da5-9b08-75e2a521caaf,TCGA-QH-A6CU-01A,TCGA_LGG,TCGA-QH-A6CU-01Z-00-DX1.npy,0,0,0,LGG_IDHmut-codel,2.0,5074.490347
413,TCGA-QH-A6CW,-0.3207,0.5406,-0.0197,6fe6c4ca-7b7b-4ed9-b58d-fc41123f4978,TCGA-QH-A6CW-01A,TCGA_LGG,TCGA-QH-A6CW-01Z-00-DX1.npy,0,1,0,LGG_IDHmut-non-codel,1.0,4269.415031
414,TCGA-QH-A6X3,-1.3682,-0.359,-0.1605,0ecac2b9-c8da-4b2c-bc47-5f7fb49a74af,TCGA-QH-A6X3-01A,TCGA_LGG,TCGA-QH-A6X3-01Z-00-DX1.npy,0,0,0,LGG_IDHmut-non-codel,1.0,924.3677671
415,TCGA-QH-A6X4,-1.3682,-1.4539,-1.3337,35d2847f-e2d1-4df2-9042-a8d57ab8c9f5,TCGA-QH-A6X4-01A,TCGA_LGG,TCGA-QH-A6X4-01Z-00-DX1.npy,0,0,0,LGG_IDHmut-codel,2.0,0.0
416,TCGA-QH-A6X8,-1.0517,-0.6591,-1.3337,553e7e91-c325-467d-87df-f752508921a1,TCGA-QH-A6X8-01A,TCGA_LGG,TCGA-QH-A6X8-01Z-00-DX1.npy,0,0,0,LGG_IDHmut-codel,2.0,2489.806318
417,TCGA-QH-A86X,0.1846,0.3709,-0.4729,23200fa9-37b7-44e7-9085-23248fd2c4fd,TCGA-QH-A86X-01A,TCGA_LGG,TCGA-QH-A86X-01Z-00-DX1.npy,1,1,0,LGG_IDHmut-codel,2.0,6795.993437
418,TCGA-QH-A870,-1.3682,-0.8491,-1.3337,1ca4b3cf-f689-49bd-8000-3a81cd25e55f,TCGA-QH-A870-01A,TCGA_LGG,TCGA-QH-A870-01Z-00-DX1.npy,0,0,0,LGG_IDHmut-non-codel,1.0,490.6786392
419,TCGA-R8-A6MK,-1.3682,-1.9298,-1.3337,65d1b5a9-31b2-468a-b724-fc599b357a60,TCGA-R8-A6MK-01A,TCGA_LGG,TCGA-R8-A6MK-01Z-00-DXA.npy,0,0,0,LGG_IDHmut-codel,2.0,0.0
420,TCGA-R8-A6MK,-1.3682,-1.9298,-1.3337,65d1b5a9-31b2-468a-b724-fc599b357a60,TCGA-R8-A6MK-01A,TCGA_LGG,TCGA-R8-A6MK-01Z-00-DXF.npy,0,0,0,LGG_IDHmut-codel,2.0,0.0
421,TCGA-R8-A6MK,-1.3682,-1.9298,-1.3337,65d1b5a9-31b2-468a-b724-fc599b357a60,TCGA-R8-A6MK-01A,TCGA_LGG,TCGA-R8-A6MK-01Z-00-DXC.npy,0,0,0,LGG_IDHmut-codel,2.0,0.0
422,TCGA-R8-A6MK,-1.3682,-1.9298,-1.3337,65d1b5a9-31b2-468a-b724-fc599b357a60,TCGA-R8-A6MK-01A,TCGA_LGG,TCGA-R8-A6MK-01Z-00-DX1.npy,0,0,0,LGG_IDHmut-codel,2.0,0.0
423,TCGA-R8-A6MK,-1.3682,-1.9298,-1.3337,65d1b5a9-31b2-468a-b724-fc599b357a60,TCGA-R8-A6MK-01A,TCGA_LGG,TCGA-R8-A6MK-01Z-00-DXB.npy,0,0,0,LGG_IDHmut-codel,2.0,0.0
424,TCGA-R8-A6MK,-1.3682,-1.9298,-1.3337,65d1b5a9-31b2-468a-b724-fc599b357a60,TCGA-R8-A6MK-01A,TCGA_LGG,TCGA-R8-A6MK-01Z-00-DX9.npy,0,0,0,LGG_IDHmut-codel,2.0,0.0
425,TCGA-R8-A6MK,-1.3682,-1.9298,-1.3337,65d1b5a9-31b2-468a-b724-fc599b357a60,TCGA-R8-A6MK-01A,TCGA_LGG,TCGA-R8-A6MK-01Z-00-DX2.npy,0,0,0,LGG_IDHmut-codel,2.0,0.0
426,TCGA-R8-A6MK,-1.3682,-1.9298,-1.3337,65d1b5a9-31b2-468a-b724-fc599b357a60,TCGA-R8-A6MK-01A,TCGA_LGG,TCGA-R8-A6MK-01Z-00-DX8.npy,0,0,0,LGG_IDHmut-codel,2.0,0.0
427,TCGA-R8-A6MK,-1.3682,-1.9298,-1.3337,65d1b5a9-31b2-468a-b724-fc599b357a60,TCGA-R8-A6MK-01A,TCGA_LGG,TCGA-R8-A6MK-01Z-00-DX6.npy,0,0,0,LGG_IDHmut-codel,2.0,0.0
428,TCGA-R8-A6ML,-0.0617,0.132,-0.5425,cea63165-3ff6-49ee-b4fa-4207cbfe7b79,TCGA-R8-A6ML-01A,TCGA_LGG,TCGA-R8-A6ML-01Z-00-DX6.npy,0,1,0,LGG_IDHmut-codel,2.0,4021.3926020000004
429,TCGA-R8-A6ML,-0.0617,0.132,-0.5425,cea63165-3ff6-49ee-b4fa-4207cbfe7b79,TCGA-R8-A6ML-01A,TCGA_LGG,TCGA-R8-A6ML-01Z-00-DX4.npy,0,1,0,LGG_IDHmut-codel,2.0,4021.3926020000004
430,TCGA-R8-A6ML,-0.0617,0.132,-0.5425,cea63165-3ff6-49ee-b4fa-4207cbfe7b79,TCGA-R8-A6ML-01A,TCGA_LGG,TCGA-R8-A6ML-01Z-00-DX3.npy,0,1,0,LGG_IDHmut-codel,2.0,4021.3926020000004
431,TCGA-R8-A6ML,-0.0617,0.132,-0.5425,cea63165-3ff6-49ee-b4fa-4207cbfe7b79,TCGA-R8-A6ML-01A,TCGA_LGG,TCGA-R8-A6ML-01Z-00-DX2.npy,0,1,0,LGG_IDHmut-codel,2.0,4021.3926020000004
432,TCGA-R8-A6MO,-0.198,0.6789,-0.4087,e477933d-7175-4f11-bd7c-caf5f4bbf19a,TCGA-R8-A6MO-01A,TCGA_LGG,TCGA-R8-A6MO-01Z-00-DX2.npy,0,1,0,LGG_IDHmut-codel,2.0,6203.7154869999995
433,TCGA-R8-A6MO,-0.198,0.6789,-0.4087,e477933d-7175-4f11-bd7c-caf5f4bbf19a,TCGA-R8-A6MO-01A,TCGA_LGG,TCGA-R8-A6MO-01Z-00-DXD.npy,0,1,0,LGG_IDHmut-codel,2.0,6203.7154869999995
434,TCGA-R8-A6MO,-0.198,0.6789,-0.4087,e477933d-7175-4f11-bd7c-caf5f4bbf19a,TCGA-R8-A6MO-01A,TCGA_LGG,TCGA-R8-A6MO-01Z-00-DXC.npy,0,1,0,LGG_IDHmut-codel,2.0,6203.7154869999995
435,TCGA-R8-A6MO,-0.198,0.6789,-0.4087,e477933d-7175-4f11-bd7c-caf5f4bbf19a,TCGA-R8-A6MO-01A,TCGA_LGG,TCGA-R8-A6MO-01Z-00-DX3.npy,0,1,0,LGG_IDHmut-codel,2.0,6203.7154869999995
436,TCGA-R8-A6MO,-0.198,0.6789,-0.4087,e477933d-7175-4f11-bd7c-caf5f4bbf19a,TCGA-R8-A6MO-01A,TCGA_LGG,TCGA-R8-A6MO-01Z-00-DX7.npy,0,1,0,LGG_IDHmut-codel,2.0,6203.7154869999995
437,TCGA-R8-A6MO,-0.198,0.6789,-0.4087,e477933d-7175-4f11-bd7c-caf5f4bbf19a,TCGA-R8-A6MO-01A,TCGA_LGG,TCGA-R8-A6MO-01Z-00-DXA.npy,0,1,0,LGG_IDHmut-codel,2.0,6203.7154869999995
438,TCGA-R8-A6MO,-0.198,0.6789,-0.4087,e477933d-7175-4f11-bd7c-caf5f4bbf19a,TCGA-R8-A6MO-01A,TCGA_LGG,TCGA-R8-A6MO-01Z-00-DX8.npy,0,1,0,LGG_IDHmut-codel,2.0,6203.7154869999995
439,TCGA-R8-A6MO,-0.198,0.6789,-0.4087,e477933d-7175-4f11-bd7c-caf5f4bbf19a,TCGA-R8-A6MO-01A,TCGA_LGG,TCGA-R8-A6MO-01Z-00-DXB.npy,0,1,0,LGG_IDHmut-codel,2.0,6203.7154869999995
440,TCGA-R8-A6MO,-0.198,0.6789,-0.4087,e477933d-7175-4f11-bd7c-caf5f4bbf19a,TCGA-R8-A6MO-01A,TCGA_LGG,TCGA-R8-A6MO-01Z-00-DX5.npy,0,1,0,LGG_IDHmut-codel,2.0,6203.7154869999995
441,TCGA-R8-A6MO,-0.198,0.6789,-0.4087,e477933d-7175-4f11-bd7c-caf5f4bbf19a,TCGA-R8-A6MO-01A,TCGA_LGG,TCGA-R8-A6MO-01Z-00-DX4.npy,0,1,0,LGG_IDHmut-codel,2.0,6203.7154869999995
442,TCGA-R8-A6YH,-1.0492,-0.7293,-1.3337,13d15b16-8f75-4500-90ba-f1e6562611f4,TCGA-R8-A6YH-01A,TCGA_LGG,TCGA-R8-A6YH-01Z-00-DX1.npy,0,0,0,,,867.9107154
443,TCGA-RY-A83X,-1.3682,-1.1106,-1.3337,b327a622-3706-4a12-88a8-6db2dc73475b,TCGA-RY-A83X-01A,TCGA_LGG,TCGA-RY-A83X-01Z-00-DX1.npy,0,0,0,LGG_IDHmut-codel,2.0,0.0
444,TCGA-RY-A83Y,-0.1546,0.1782,-1.3337,21ba6301-0a01-4583-a0e2-4dd8e8ba17aa,TCGA-RY-A83Y-01A,TCGA_LGG,TCGA-RY-A83Y-01Z-00-DX1.npy,0,1,0,LGG_IDHmut-codel,2.0,7714.190431
445,TCGA-RY-A83Z,-1.3682,-0.5023,-1.3337,337530f0-f171-4a69-8861-28c1be7c6050,TCGA-RY-A83Z-01A,TCGA_LGG,TCGA-RY-A83Z-01Z-00-DX1.npy,0,0,0,LGG_IDHmut-non-codel,1.0,3408.2098090000004
446,TCGA-RY-A843,-1.3682,-0.8389,-0.5227,65fe7c7d-044e-455f-b623-9477aa56f3b5,TCGA-RY-A843-01A,TCGA_LGG,TCGA-RY-A843-01Z-00-DX1.npy,0,0,0,LGG_IDHmut-non-codel,1.0,1227.979388
447,TCGA-RY-A847,-0.0595,-0.0973,-0.7592,16c414ab-3220-4613-9668-e9ae6e5b9373,TCGA-RY-A847-01A,TCGA_LGG,TCGA-RY-A847-01Z-00-DX1.npy,0,0,0,LGG_IDHmut-codel,2.0,3270.5697370000003
448,TCGA-S9-A6TS,-1.3682,-0.8486,-1.3337,ee2f476e-bde1-475b-a411-163362496e7f,TCGA-S9-A6TS-01A,TCGA_LGG,TCGA-S9-A6TS-01Z-00-DX1.npy,0,0,0,LGG_IDHmut-non-codel,1.0,928.0536822999999
449,TCGA-S9-A6TU,-1.3682,-0.6204,-0.7818,dbe45f0a-c2a2-45a3-b36c-8686771d1394,TCGA-S9-A6TU-01A,TCGA_LGG,TCGA-S9-A6TU-01Z-00-DX1.npy,0,0,0,LGG_IDHmut-non-codel,1.0,1018.01751
450,TCGA-S9-A6TV,0.5445,0.8207,-0.2188,c6471fb6-e048-4b1e-82e5-bb28e899c908,TCGA-S9-A6TV-01A,TCGA_LGG,TCGA-S9-A6TV-01Z-00-DX1.npy,1,1,0,LGG_IDHmut-non-codel,1.0,9489.505714
451,TCGA-S9-A6TW,1.2117,0.8113,-0.7647,ac0db258-dab7-44bc-b8af-f62607327882,TCGA-S9-A6TW-01A,TCGA_LGG,TCGA-S9-A6TW-01Z-00-DX1.npy,1,1,0,LGG_IDHmut-codel,2.0,19004.06623
452,TCGA-S9-A6TZ,0.235,0.6978,0.3298,e7475329-3bd6-4d10-bc4b-72e771757063,TCGA-S9-A6TZ-01A,TCGA_LGG,TCGA-S9-A6TZ-01Z-00-DX1.npy,1,1,1,LGG_IDHmut-non-codel,1.0,7134.134662
453,TCGA-S9-A6U0,2.7143,2.7991,2.7473,6e9bd6ca-4d78-4362-8b2a-19f51419976f,TCGA-S9-A6U0-01A,TCGA_LGG,TCGA-S9-A6U0-01Z-00-DX1.npy,1,1,1,LGG_IDHwt,0.0,99691.07634
454,TCGA-S9-A6U1,-0.8132,-0.5226,-1.3337,6c5e40cb-c79a-4314-a64d-f84b185771f5,TCGA-S9-A6U1-01A,TCGA_LGG,TCGA-S9-A6U1-01Z-00-DX1.npy,0,0,0,LGG_IDHmut-non-codel,1.0,835.1673085
455,TCGA-S9-A6U5,1.5627,1.7998,0.6227,cab0c0a0-9ac8-4106-9474-6e900b7cb777,TCGA-S9-A6U5-01A,TCGA_LGG,TCGA-S9-A6U5-01Z-00-DX1.npy,1,1,1,LGG_IDHmut-codel,2.0,25293.13787
456,TCGA-S9-A6U6,-1.3682,-1.4374,-0.8536,cbdeb291-942b-4809-b332-114f9186d81f,TCGA-S9-A6U6-01A,TCGA_LGG,TCGA-S9-A6U6-01Z-00-DX1.npy,0,0,0,LGG_IDHmut-non-codel,1.0,1287.078037
457,TCGA-S9-A6U8,-0.858,-0.5383,-1.3337,e82ab88c-dde9-45e8-ad30-765f75c7abf2,TCGA-S9-A6U8-01A,TCGA_LGG,TCGA-S9-A6U8-01Z-00-DX1.npy,0,0,0,LGG_IDHmut-non-codel,1.0,1125.674525
458,TCGA-S9-A6U9,0.0289,0.764,-0.7739,995a62ed-5832-4da7-b6c5-d91af6b62df9,TCGA-S9-A6U9-01A,TCGA_LGG,TCGA-S9-A6U9-01Z-00-DX1.npy,1,1,0,LGG_IDHmut-non-codel,1.0,6499.554781
459,TCGA-S9-A6UB,-1.3682,-1.4052,-1.3337,ec13ad48-d980-435e-8214-e07c00a5e448,TCGA-S9-A6UB-01A,TCGA_LGG,TCGA-S9-A6UB-01Z-00-DX1.npy,0,0,0,LGG_IDHmut-codel,2.0,462.035096
460,TCGA-S9-A6WE,-0.7609,-0.2689,-0.4209,69a3fb85-4b58-4f45-86e3-a1c9ee2cca88,TCGA-S9-A6WE-01A,TCGA_LGG,TCGA-S9-A6WE-01Z-00-DX1.npy,0,0,0,LGG_IDHmut-codel,2.0,2819.4074379999997
461,TCGA-S9-A6WI,-1.0856,-0.6766,-0.5821,fceb6ec5-de18-4a52-ba75-176bd9d09258,TCGA-S9-A6WI-01A,TCGA_LGG,TCGA-S9-A6WI-01Z-00-DX1.npy,0,0,0,LGG_IDHmut-non-codel,1.0,1136.669762
462,TCGA-S9-A6WL,-0.3922,-1.3925,-1.3337,b4999bbe-0eaf-4495-8a46-92c0a41cc5f6,TCGA-S9-A6WL-01A,TCGA_LGG,TCGA-S9-A6WL-01Z-00-DX1.npy,0,0,0,LGG_IDHmut-codel,2.0,2788.970134
463,TCGA-S9-A6WO,-1.0058,-0.5521,-0.7889,0267dd30-76cc-4d60-8a6b-ae017c1cd8e9,TCGA-S9-A6WO-01A,TCGA_LGG,TCGA-S9-A6WO-01Z-00-DX1.npy,0,0,0,LGG_IDHmut-non-codel,1.0,1016.695409
464,TCGA-S9-A6WP,0.5095,0.6628,-0.9086,034b0049-dfc6-4022-bb86-6cb6eedee41f,TCGA-S9-A6WP-01A,TCGA_LGG,TCGA-S9-A6WP-01Z-00-DX1.npy,1,1,0,LGG_IDHmut-codel,2.0,7951.790189
465,TCGA-S9-A6WQ,-0.4365,0.1684,-0.1756,7a7873b9-9c3c-4b44-90c5-242975820ad6,TCGA-S9-A6WQ-01A,TCGA_LGG,TCGA-S9-A6WQ-01Z-00-DX1.npy,0,1,0,LGG_IDHmut-non-codel,1.0,3658.980293
466,TCGA-S9-A7IS,0.2076,-0.0424,-0.6544,999259d2-c11b-4bec-a823-01b92eee38a4,TCGA-S9-A7IS-01A,TCGA_LGG,TCGA-S9-A7IS-01Z-00-DX1.npy,1,0,0,LGG_IDHmut-non-codel,1.0,6344.687151
467,TCGA-S9-A7IX,-0.3461,0.3825,0.3513,1b9befde-f5b8-4363-834c-c8d45a3a266c,TCGA-S9-A7IX-01A,TCGA_LGG,TCGA-S9-A7IX-01Z-00-DX1.npy,0,1,1,LGG_IDHwt,0.0,5193.436465999999
468,TCGA-S9-A7IZ,-0.1533,-0.1964,-1.3337,652d087d-406d-439c-b58d-7c49600c86d3,TCGA-S9-A7IZ-01A,TCGA_LGG,TCGA-S9-A7IZ-01Z-00-DX1.npy,0,0,0,LGG_IDHmut-non-codel,1.0,5055.802268
469,TCGA-S9-A7J0,-1.3682,-0.6699,-1.3337,4ab0f7f4-0b14-46ed-af2d-724ed51e4e6b,TCGA-S9-A7J0-01A,TCGA_LGG,TCGA-S9-A7J0-01Z-00-DX1.npy,0,0,0,LGG_IDHmut-non-codel,1.0,333.33630560000006
470,TCGA-S9-A7J1,-0.4881,-0.3497,-1.3337,ccf5b846-6719-4c6d-8c0a-4e547fdddd63,TCGA-S9-A7J1-01A,TCGA_LGG,TCGA-S9-A7J1-01Z-00-DX1.npy,0,0,0,LGG_IDHmut-codel,2.0,3346.279051
471,TCGA-S9-A7QX,-0.7501,-1.2046,-1.3337,bcbbd077-d757-4602-967f-91a94b398646,TCGA-S9-A7QX-01A,TCGA_LGG,TCGA-S9-A7QX-01Z-00-DX1.npy,0,0,0,LGG_IDHmut-non-codel,1.0,1544.3705380000001
472,TCGA-S9-A7QY,-0.5973,-0.9853,-1.3337,fe38f521-c226-4cb3-bd1f-54e8c1f3b6fa,TCGA-S9-A7QY-01A,TCGA_LGG,TCGA-S9-A7QY-01Z-00-DX1.npy,0,0,0,LGG_IDHmut-codel,2.0,2236.962313
473,TCGA-S9-A7QZ,-0.6322,-0.2277,-0.51,7922f23d-b9d2-4223-90ab-c24adcdc41ae,TCGA-S9-A7QZ-01A,TCGA_LGG,TCGA-S9-A7QZ-01Z-00-DX1.npy,0,0,0,LGG_IDHmut-codel,2.0,3300.971775
474,TCGA-S9-A7R1,-0.9725,-0.5595,-1.3337,b19cde32-c171-4aa3-9a9e-2dc159918f49,TCGA-S9-A7R1-01A,TCGA_LGG,TCGA-S9-A7R1-01Z-00-DX1.npy,0,0,0,LGG_IDHmut-codel,2.0,560.9308311000001
475,TCGA-S9-A7R3,-0.1943,-0.2049,-0.3601,0a081177-561b-4d78-836e-6d7e1fb42f5b,TCGA-S9-A7R3-01A,TCGA_LGG,TCGA-S9-A7R3-01Z-00-DX1.npy,0,0,0,LGG_IDHmut-non-codel,1.0,4282.685624000001
476,TCGA-S9-A7R7,0.9963,1.0683,0.5614,de87a7e2-d566-4e4f-b69f-80b36f995527,TCGA-S9-A7R7-01A,TCGA_LGG,TCGA-S9-A7R7-01Z-00-DX1.npy,1,1,1,LGG_IDHmut-non-codel,1.0,17814.25345
477,TCGA-S9-A7R8,-1.3682,-0.9903,-1.3337,771da146-d356-4616-a0a4-a7af30dcad92,TCGA-S9-A7R8-01A,TCGA_LGG,TCGA-S9-A7R8-01Z-00-DX1.npy,0,0,0,LGG_IDHmut-non-codel,1.0,1586.869186
478,TCGA-S9-A89V,0.0747,0.4163,-0.4989,30eced42-0fcd-4d5c-bae4-24578e8c52ef,TCGA-S9-A89V-01A,TCGA_LGG,TCGA-S9-A89V-01Z-00-DX1.npy,1,1,0,LGG_IDHwt,0.0,6804.749205
479,TCGA-S9-A89Z,0.6214,0.8777,0.4047,ff141ee5-d9b5-4be5-9c73-c6095197286e,TCGA-S9-A89Z-01A,TCGA_LGG,TCGA-S9-A89Z-01Z-00-DX1.npy,1,1,1,LGG_IDHmut-non-codel,1.0,10553.19867
480,TCGA-TM-A7C4,-0.7247,-1.0265,-0.7694,868cf77b-e136-4006-b881-9a3b65c6374b,TCGA-TM-A7C4-01A,TCGA_LGG,TCGA-TM-A7C4-01Z-00-DX1.npy,0,0,0,LGG_IDHmut-non-codel,1.0,1537.202806
481,TCGA-TM-A7C5,-0.0836,0.2918,0.0957,ed80c49b-638b-4063-bcd2-8a6d83bac235,TCGA-TM-A7C5-01A,TCGA_LGG,TCGA-TM-A7C5-01Z-00-DX1.npy,0,1,1,LGG_IDHmut-codel,2.0,6476.692327000001
482,TCGA-TM-A7CF,-0.9520000000000001,-0.9555,-1.3337,ba642291-ec57-4f8b-8d6b-75aee296cb91,TCGA-TM-A7CF-01A,TCGA_LGG,TCGA-TM-A7CF-01Z-00-DX2.npy,0,0,0,LGG_IDHmut-non-codel,1.0,1128.329418
483,TCGA-TM-A7CF,-0.9520000000000001,-0.9555,-1.3337,ba642291-ec57-4f8b-8d6b-75aee296cb91,TCGA-TM-A7CF-01A,TCGA_LGG,TCGA-TM-A7CF-01Z-00-DX1.npy,0,0,0,LGG_IDHmut-non-codel,1.0,1128.329418
484,TCGA-TM-A84B,1.1073,1.1255,1.018,8c6841cb-f6f3-4707-952a-1e4f7aa3e109,TCGA-TM-A84B-01A,TCGA_LGG,TCGA-TM-A84B-01Z-00-DX1.npy,1,1,1,LGG_IDHwt,0.0,19511.25948
485,TCGA-TM-A84C,-0.6897,0.0014,-0.3138,66b23963-534d-4403-9ef3-a4cd57c65b05,TCGA-TM-A84C-01A,TCGA_LGG,TCGA-TM-A84C-01Z-00-DX1.npy,0,1,0,LGG_IDHwt,0.0,2714.331359
486,TCGA-TM-A84F,2.722,2.3753,1.8578,1beb9a83-578e-452a-8a93-ff30afb6a319,TCGA-TM-A84F-01A,TCGA_LGG,TCGA-TM-A84F-01Z-00-DX2.npy,1,1,1,LGG_IDHmut-non-codel,1.0,91195.83115
487,TCGA-TM-A84H,-1.0752,-0.6493,-0.8933,47172f8d-d354-4d32-bb7c-bdb2eac75d15,TCGA-TM-A84H-01A,TCGA_LGG,TCGA-TM-A84H-01Z-00-DX2.npy,0,0,0,LGG_IDHmut-non-codel,1.0,763.1522615
488,TCGA-TM-A84H,-1.0752,-0.6493,-0.8933,47172f8d-d354-4d32-bb7c-bdb2eac75d15,TCGA-TM-A84H-01A,TCGA_LGG,TCGA-TM-A84H-01Z-00-DX1.npy,0,0,0,LGG_IDHmut-non-codel,1.0,763.1522615
489,TCGA-TM-A84I,-0.8229,0.2672,0.5382,a5d94b4f-d90f-49ea-bfda-a8933b8bc36b,TCGA-TM-A84I-01A,TCGA_LGG,TCGA-TM-A84I-01Z-00-DX1.npy,0,1,1,LGG_IDHmut-non-codel,1.0,5529.404896999999
490,TCGA-TM-A84J,-1.3682,-1.2514,-1.3337,eefa8b68-e81c-453c-beb6-f1bb34c38571,TCGA-TM-A84J-01A,TCGA_LGG,TCGA-TM-A84J-01Z-00-DX2.npy,0,0,0,LGG_IDHwt,0.0,0.0
491,TCGA-TM-A84L,-0.0816,0.2768,-0.3732,baa5e054-05a1-424e-bb7b-2f2825091027,TCGA-TM-A84L-01A,TCGA_LGG,TCGA-TM-A84L-01Z-00-DX1.npy,0,1,0,LGG_IDHmut-non-codel,1.0,5208.304172
492,TCGA-TM-A84L,-0.0816,0.2768,-0.3732,baa5e054-05a1-424e-bb7b-2f2825091027,TCGA-TM-A84L-01A,TCGA_LGG,TCGA-TM-A84L-01Z-00-DX2.npy,0,1,0,LGG_IDHmut-non-codel,1.0,5208.304172
493,TCGA-TM-A84M,-1.0404,-1.9298,-0.4756,c227d23f-ac73-4cd6-b2c3-c13919b08543,TCGA-TM-A84M-01A,TCGA_LGG,TCGA-TM-A84M-01Z-00-DX1.npy,0,0,0,LGG_IDHmut-codel,2.0,448.5109437
494,TCGA-TM-A84M,-1.0404,-1.9298,-0.4756,c227d23f-ac73-4cd6-b2c3-c13919b08543,TCGA-TM-A84M-01A,TCGA_LGG,TCGA-TM-A84M-01Z-00-DX2.npy,0,0,0,LGG_IDHmut-codel,2.0,448.5109437
495,TCGA-TM-A84Q,0.2491,0.4877,-0.0935,1f0d14b7-204b-4257-b905-3063926668d9,TCGA-TM-A84Q-01A,TCGA_LGG,TCGA-TM-A84Q-01Z-00-DX1.npy,1,1,0,LGG_IDHmut-non-codel,1.0,8078.967677
496,TCGA-TM-A84R,-0.0081,-0.4034,-0.2102,3b1bfe6b-fb61-4a5b-b81a-c291e9ae381c,TCGA-TM-A84R-01A,TCGA_LGG,TCGA-TM-A84R-01Z-00-DX1.npy,0,0,0,LGG_IDHmut-codel,2.0,5617.6400810000005
497,TCGA-TM-A84T,-0.747,-0.3571,-0.7916,7e783028-384f-431c-9ab6-65bd18a0d9d7,TCGA-TM-A84T-01A,TCGA_LGG,TCGA-TM-A84T-01Z-00-DX1.npy,0,0,0,LGG_IDHmut-non-codel,1.0,2563.5300420000003
498,TCGA-TQ-A7RG,0.5263,0.2017,-0.7644,53e9ae95-2abf-4205-9e59-5fdc7c95d7cf,TCGA-TQ-A7RG-01A,TCGA_LGG,TCGA-TQ-A7RG-01Z-00-DX1.npy,1,1,0,LGG_IDHmut-codel,2.0,9895.777927
499,TCGA-TQ-A7RH,-0.6462,0.2024,-0.5271,36f1edf2-8814-4615-820c-ee5fb2388494,TCGA-TQ-A7RH-01A,TCGA_LGG,TCGA-TQ-A7RH-01Z-00-DX1.npy,0,1,0,LGG_IDHmut-non-codel,1.0,4026.657682
500,TCGA-TQ-A7RI,-1.0381,0.0096,-1.3337,1672c842-5178-416b-8f4f-ec07a8a4a0eb,TCGA-TQ-A7RI-01A,TCGA_LGG,TCGA-TQ-A7RI-01Z-00-DX1.npy,0,1,0,LGG_IDHmut-codel,2.0,3059.270749
501,TCGA-TQ-A7RM,-0.5916,-0.6163,-0.7487,d9913770-d251-4d44-85e7-8ee6fd991f35,TCGA-TQ-A7RM-01A,TCGA_LGG,TCGA-TQ-A7RM-01Z-00-DX1.npy,0,0,0,LGG_IDHmut-non-codel,1.0,2744.060327
502,TCGA-TQ-A7RN,-1.3682,-1.5218,-0.9444,cb00e42d-2a45-4b7e-a886-97f2f3d369e9,TCGA-TQ-A7RN-01A,TCGA_LGG,TCGA-TQ-A7RN-01Z-00-DX1.npy,0,0,0,LGG_IDHmut-codel,2.0,330.5977472
503,TCGA-TQ-A7RP,-0.6664,1.1185,-0.8896,212943cd-6037-483a-87b1-54f215b0c83b,TCGA-TQ-A7RP-01A,TCGA_LGG,TCGA-TQ-A7RP-01Z-00-DX1.npy,0,1,0,LGG_IDHwt,0.0,6000.146404
504,TCGA-TQ-A7RR,-0.7829,-0.6872,-0.45399999999999996,0f045910-592e-4e06-801c-f40c7315e750,TCGA-TQ-A7RR-01A,TCGA_LGG,TCGA-TQ-A7RR-01Z-00-DX1.npy,0,0,0,LGG_IDHmut-non-codel,1.0,1811.593588
505,TCGA-TQ-A7RS,-1.3682,-1.9298,-1.3337,84c2f0a9-4d01-4104-adff-e9e3355324f0,TCGA-TQ-A7RS-01A,TCGA_LGG,TCGA-TQ-A7RS-01Z-00-DX1.npy,0,0,0,LGG_IDHmut-codel,2.0,1238.814153
506,TCGA-TQ-A7RW,-0.0538,0.2477,-0.3455,e4c43bcb-e0ee-4343-a10d-7cd46d4fac17,TCGA-TQ-A7RW-01A,TCGA_LGG,TCGA-TQ-A7RW-01Z-00-DX1.npy,0,1,0,LGG_IDHmut-non-codel,1.0,5286.965937
507,TCGA-VM-A8C8,-1.3682,-1.1448,-0.7385,48640c07-7e11-40ae-bbd5-afb3a1b36664,TCGA-VM-A8C8-01A,TCGA_LGG,TCGA-VM-A8C8-01Z-00-DX1.npy,0,0,0,LGG_IDHmut-non-codel,1.0,586.688249
508,TCGA-VM-A8C8,-1.3682,-1.1448,-0.7385,48640c07-7e11-40ae-bbd5-afb3a1b36664,TCGA-VM-A8C8-01A,TCGA_LGG,TCGA-VM-A8C8-01Z-00-DX2.npy,0,0,0,LGG_IDHmut-non-codel,1.0,586.688249
509,TCGA-VM-A8C8,-1.3682,-1.1448,-0.7385,48640c07-7e11-40ae-bbd5-afb3a1b36664,TCGA-VM-A8C8-01A,TCGA_LGG,TCGA-VM-A8C8-01Z-00-DX4.npy,0,0,0,LGG_IDHmut-non-codel,1.0,586.688249
510,TCGA-VM-A8C8,-1.3682,-1.1448,-0.7385,48640c07-7e11-40ae-bbd5-afb3a1b36664,TCGA-VM-A8C8-01A,TCGA_LGG,TCGA-VM-A8C8-01Z-00-DX5.npy,0,0,0,LGG_IDHmut-non-codel,1.0,586.688249
511,TCGA-VM-A8C8,-1.3682,-1.1448,-0.7385,48640c07-7e11-40ae-bbd5-afb3a1b36664,TCGA-VM-A8C8-01A,TCGA_LGG,TCGA-VM-A8C8-01Z-00-DX6.npy,0,0,0,LGG_IDHmut-non-codel,1.0,586.688249
512,TCGA-VM-A8C8,-1.3682,-1.1448,-0.7385,48640c07-7e11-40ae-bbd5-afb3a1b36664,TCGA-VM-A8C8-01A,TCGA_LGG,TCGA-VM-A8C8-01Z-00-DX7.npy,0,0,0,LGG_IDHmut-non-codel,1.0,586.688249
513,TCGA-VM-A8C9,2.9269,2.3492,-0.6325,b7d8e12b-1f2d-48fe-a922-8fbde9409827,TCGA-VM-A8C9-01A,TCGA_LGG,TCGA-VM-A8C9-01Z-00-DX6.npy,1,1,0,LGG_IDHwt,0.0,120902.95
514,TCGA-VM-A8C9,2.9269,2.3492,-0.6325,b7d8e12b-1f2d-48fe-a922-8fbde9409827,TCGA-VM-A8C9-01A,TCGA_LGG,TCGA-VM-A8C9-01Z-00-DX3.npy,1,1,0,LGG_IDHwt,0.0,120902.95
515,TCGA-VM-A8C9,2.9269,2.3492,-0.6325,b7d8e12b-1f2d-48fe-a922-8fbde9409827,TCGA-VM-A8C9-01A,TCGA_LGG,TCGA-VM-A8C9-01Z-00-DX4.npy,1,1,0,LGG_IDHwt,0.0,120902.95
516,TCGA-VM-A8C9,2.9269,2.3492,-0.6325,b7d8e12b-1f2d-48fe-a922-8fbde9409827,TCGA-VM-A8C9-01A,TCGA_LGG,TCGA-VM-A8C9-01Z-00-DX2.npy,1,1,0,LGG_IDHwt,0.0,120902.95
517,TCGA-VM-A8C9,2.9269,2.3492,-0.6325,b7d8e12b-1f2d-48fe-a922-8fbde9409827,TCGA-VM-A8C9-01A,TCGA_LGG,TCGA-VM-A8C9-01Z-00-DX1.npy,1,1,0,LGG_IDHwt,0.0,120902.95
518,TCGA-VM-A8CA,-0.95,0.2624,-0.7051,db1c9279-8017-4954-b805-465a1333163d,TCGA-VM-A8CA-01A,TCGA_LGG,TCGA-VM-A8CA-01Z-00-DX9.npy,0,1,0,LGG_IDHmut-non-codel,1.0,3790.2333270000004
519,TCGA-VM-A8CA,-0.95,0.2624,-0.7051,db1c9279-8017-4954-b805-465a1333163d,TCGA-VM-A8CA-01A,TCGA_LGG,TCGA-VM-A8CA-01Z-00-DX7.npy,0,1,0,LGG_IDHmut-non-codel,1.0,3790.2333270000004
520,TCGA-VM-A8CA,-0.95,0.2624,-0.7051,db1c9279-8017-4954-b805-465a1333163d,TCGA-VM-A8CA-01A,TCGA_LGG,TCGA-VM-A8CA-01Z-00-DX4.npy,0,1,0,LGG_IDHmut-non-codel,1.0,3790.2333270000004
521,TCGA-VM-A8CA,-0.95,0.2624,-0.7051,db1c9279-8017-4954-b805-465a1333163d,TCGA-VM-A8CA-01A,TCGA_LGG,TCGA-VM-A8CA-01Z-00-DX1.npy,0,1,0,LGG_IDHmut-non-codel,1.0,3790.2333270000004
522,TCGA-VM-A8CA,-0.95,0.2624,-0.7051,db1c9279-8017-4954-b805-465a1333163d,TCGA-VM-A8CA-01A,TCGA_LGG,TCGA-VM-A8CA-01Z-00-DX6.npy,0,1,0,LGG_IDHmut-non-codel,1.0,3790.2333270000004
523,TCGA-VM-A8CA,-0.95,0.2624,-0.7051,db1c9279-8017-4954-b805-465a1333163d,TCGA-VM-A8CA-01A,TCGA_LGG,TCGA-VM-A8CA-01Z-00-DX2.npy,0,1,0,LGG_IDHmut-non-codel,1.0,3790.2333270000004
524,TCGA-VM-A8CA,-0.95,0.2624,-0.7051,db1c9279-8017-4954-b805-465a1333163d,TCGA-VM-A8CA-01A,TCGA_LGG,TCGA-VM-A8CA-01Z-00-DX3.npy,0,1,0,LGG_IDHmut-non-codel,1.0,3790.2333270000004
525,TCGA-VM-A8CA,-0.95,0.2624,-0.7051,db1c9279-8017-4954-b805-465a1333163d,TCGA-VM-A8CA-01A,TCGA_LGG,TCGA-VM-A8CA-01Z-00-DX5.npy,0,1,0,LGG_IDHmut-non-codel,1.0,3790.2333270000004
526,TCGA-VM-A8CB,-0.5306,-1.1904,-1.3337,66aba012-af86-4c4f-b220-5dfb30cca734,TCGA-VM-A8CB-01A,TCGA_LGG,TCGA-VM-A8CB-01Z-00-DX7.npy,0,0,0,LGG_IDHmut-codel,2.0,2695.7832829999998
527,TCGA-VM-A8CB,-0.5306,-1.1904,-1.3337,66aba012-af86-4c4f-b220-5dfb30cca734,TCGA-VM-A8CB-01A,TCGA_LGG,TCGA-VM-A8CB-01Z-00-DX8.npy,0,0,0,LGG_IDHmut-codel,2.0,2695.7832829999998
528,TCGA-VM-A8CB,-0.5306,-1.1904,-1.3337,66aba012-af86-4c4f-b220-5dfb30cca734,TCGA-VM-A8CB-01A,TCGA_LGG,TCGA-VM-A8CB-01Z-00-DX4.npy,0,0,0,LGG_IDHmut-codel,2.0,2695.7832829999998
529,TCGA-VM-A8CB,-0.5306,-1.1904,-1.3337,66aba012-af86-4c4f-b220-5dfb30cca734,TCGA-VM-A8CB-01A,TCGA_LGG,TCGA-VM-A8CB-01Z-00-DX1.npy,0,0,0,LGG_IDHmut-codel,2.0,2695.7832829999998
530,TCGA-VM-A8CB,-0.5306,-1.1904,-1.3337,66aba012-af86-4c4f-b220-5dfb30cca734,TCGA-VM-A8CB-01A,TCGA_LGG,TCGA-VM-A8CB-01Z-00-DX2.npy,0,0,0,LGG_IDHmut-codel,2.0,2695.7832829999998
531,TCGA-VM-A8CD,-0.2096,0.4438,-0.5906,8778280c-6313-476a-b5ca-0632b501ac47,TCGA-VM-A8CD-01A,TCGA_LGG,TCGA-VM-A8CD-01Z-00-DX3.npy,0,1,0,LGG_IDHwt,0.0,4191.765257999999
532,TCGA-VM-A8CD,-0.2096,0.4438,-0.5906,8778280c-6313-476a-b5ca-0632b501ac47,TCGA-VM-A8CD-01A,TCGA_LGG,TCGA-VM-A8CD-01Z-00-DX9.npy,0,1,0,LGG_IDHwt,0.0,4191.765257999999
533,TCGA-VM-A8CD,-0.2096,0.4438,-0.5906,8778280c-6313-476a-b5ca-0632b501ac47,TCGA-VM-A8CD-01A,TCGA_LGG,TCGA-VM-A8CD-01Z-00-DX8.npy,0,1,0,LGG_IDHwt,0.0,4191.765257999999
534,TCGA-VM-A8CD,-0.2096,0.4438,-0.5906,8778280c-6313-476a-b5ca-0632b501ac47,TCGA-VM-A8CD-01A,TCGA_LGG,TCGA-VM-A8CD-01Z-00-DX5.npy,0,1,0,LGG_IDHwt,0.0,4191.765257999999
535,TCGA-VM-A8CD,-0.2096,0.4438,-0.5906,8778280c-6313-476a-b5ca-0632b501ac47,TCGA-VM-A8CD-01A,TCGA_LGG,TCGA-VM-A8CD-01Z-00-DX1.npy,0,1,0,LGG_IDHwt,0.0,4191.765257999999
536,TCGA-VM-A8CE,-1.3682,-0.7297,-0.4967,21a4d3c2-bcb7-4916-83d0-da4661814ff9,TCGA-VM-A8CE-01A,TCGA_LGG,TCGA-VM-A8CE-01Z-00-DX2.npy,0,0,0,LGG_IDHmut-codel,2.0,1754.029966
537,TCGA-VM-A8CE,-1.3682,-0.7297,-0.4967,21a4d3c2-bcb7-4916-83d0-da4661814ff9,TCGA-VM-A8CE-01A,TCGA_LGG,TCGA-VM-A8CE-01Z-00-DX1.npy,0,0,0,LGG_IDHmut-codel,2.0,1754.029966
538,TCGA-VM-A8CE,-1.3682,-0.7297,-0.4967,21a4d3c2-bcb7-4916-83d0-da4661814ff9,TCGA-VM-A8CE-01A,TCGA_LGG,TCGA-VM-A8CE-01Z-00-DX6.npy,0,0,0,LGG_IDHmut-codel,2.0,1754.029966
539,TCGA-VM-A8CE,-1.3682,-0.7297,-0.4967,21a4d3c2-bcb7-4916-83d0-da4661814ff9,TCGA-VM-A8CE-01A,TCGA_LGG,TCGA-VM-A8CE-01Z-00-DX5.npy,0,0,0,LGG_IDHmut-codel,2.0,1754.029966
540,TCGA-VM-A8CE,-1.3682,-0.7297,-0.4967,21a4d3c2-bcb7-4916-83d0-da4661814ff9,TCGA-VM-A8CE-01A,TCGA_LGG,TCGA-VM-A8CE-01Z-00-DX7.npy,0,0,0,LGG_IDHmut-codel,2.0,1754.029966
541,TCGA-VM-A8CF,-0.4966,0.2196,-1.3337,d55b2c2d-c45e-49f1-b6c7-eea6168b4fea,TCGA-VM-A8CF-01A,TCGA_LGG,TCGA-VM-A8CF-01Z-00-DX5.npy,0,1,0,LGG_IDHmut-non-codel,1.0,3520.609206
542,TCGA-VM-A8CF,-0.4966,0.2196,-1.3337,d55b2c2d-c45e-49f1-b6c7-eea6168b4fea,TCGA-VM-A8CF-01A,TCGA_LGG,TCGA-VM-A8CF-01Z-00-DX9.npy,0,1,0,LGG_IDHmut-non-codel,1.0,3520.609206
543,TCGA-VM-A8CF,-0.4966,0.2196,-1.3337,d55b2c2d-c45e-49f1-b6c7-eea6168b4fea,TCGA-VM-A8CF-01A,TCGA_LGG,TCGA-VM-A8CF-01Z-00-DX6.npy,0,1,0,LGG_IDHmut-non-codel,1.0,3520.609206
544,TCGA-VM-A8CF,-0.4966,0.2196,-1.3337,d55b2c2d-c45e-49f1-b6c7-eea6168b4fea,TCGA-VM-A8CF-01A,TCGA_LGG,TCGA-VM-A8CF-01Z-00-DX8.npy,0,1,0,LGG_IDHmut-non-codel,1.0,3520.609206
545,TCGA-VM-A8CF,-0.4966,0.2196,-1.3337,d55b2c2d-c45e-49f1-b6c7-eea6168b4fea,TCGA-VM-A8CF-01A,TCGA_LGG,TCGA-VM-A8CF-01Z-00-DX4.npy,0,1,0,LGG_IDHmut-non-codel,1.0,3520.609206
546,TCGA-VM-A8CF,-0.4966,0.2196,-1.3337,d55b2c2d-c45e-49f1-b6c7-eea6168b4fea,TCGA-VM-A8CF-01A,TCGA_LGG,TCGA-VM-A8CF-01Z-00-DX1.npy,0,1,0,LGG_IDHmut-non-codel,1.0,3520.609206
547,TCGA-VM-A8CF,-0.4966,0.2196,-1.3337,d55b2c2d-c45e-49f1-b6c7-eea6168b4fea,TCGA-VM-A8CF-01A,TCGA_LGG,TCGA-VM-A8CF-01Z-00-DX7.npy,0,1,0,LGG_IDHmut-non-codel,1.0,3520.609206
548,TCGA-VM-A8CH,-0.5335,-0.6235,-0.784,32d3d4ef-25c5-4861-a1be-1b80bc50562a,TCGA-VM-A8CH-01A,TCGA_LGG,TCGA-VM-A8CH-01Z-00-DX3.npy,0,0,0,LGG_IDHmut-non-codel,1.0,2591.300589
549,TCGA-VM-A8CH,-0.5335,-0.6235,-0.784,32d3d4ef-25c5-4861-a1be-1b80bc50562a,TCGA-VM-A8CH-01A,TCGA_LGG,TCGA-VM-A8CH-01Z-00-DX4.npy,0,0,0,LGG_IDHmut-non-codel,1.0,2591.300589
550,TCGA-VM-A8CH,-0.5335,-0.6235,-0.784,32d3d4ef-25c5-4861-a1be-1b80bc50562a,TCGA-VM-A8CH-01A,TCGA_LGG,TCGA-VM-A8CH-01Z-00-DX6.npy,0,0,0,LGG_IDHmut-non-codel,1.0,2591.300589
551,TCGA-VM-A8CH,-0.5335,-0.6235,-0.784,32d3d4ef-25c5-4861-a1be-1b80bc50562a,TCGA-VM-A8CH-01A,TCGA_LGG,TCGA-VM-A8CH-01Z-00-DX7.npy,0,0,0,LGG_IDHmut-non-codel,1.0,2591.300589
552,TCGA-VV-A829,-0.6114,-0.3908,-1.3337,76be8c3b-8567-4c7b-8ff0-9e2612c1495a,TCGA-VV-A829-01A,TCGA_LGG,TCGA-VV-A829-01Z-00-DX2.npy,0,0,0,LGG_IDHmut-codel,2.0,1372.409177
553,TCGA-VV-A829,-0.6114,-0.3908,-1.3337,76be8c3b-8567-4c7b-8ff0-9e2612c1495a,TCGA-VV-A829-01A,TCGA_LGG,TCGA-VV-A829-01Z-00-DX3.npy,0,0,0,LGG_IDHmut-codel,2.0,1372.409177
554,TCGA-VV-A86M,-0.4369,0.6617,-0.7027,663300b1-0212-41da-aa1a-883c9e3546ba,TCGA-VV-A86M-01A,TCGA_LGG,TCGA-VV-A86M-01Z-00-DX1.npy,0,1,0,LGG_IDHmut-non-codel,1.0,2494.9761320000002
555,TCGA-W9-A837,-1.3682,-1.4701,-1.3337,b2a3f7df-5584-4ea9-8fbf-e3955386698b,TCGA-W9-A837-01A,TCGA_LGG,TCGA-W9-A837-01Z-00-DX1.npy,0,0,0,LGG_IDHmut-codel,2.0,0.0
556,TCGA-WH-A86K,0.2975,0.0448,-1.3337,a8017f36-8f69-4131-b804-9e1a89f3ea92,TCGA-WH-A86K-01A,TCGA_LGG,TCGA-WH-A86K-01Z-00-DX1.npy,1,1,0,LGG_IDHmut-non-codel,1.0,8038.030602
557,TCGA-WY-A85C,-1.0438,-0.0408,-0.846,d184bdbc-541e-4142-8c6f-1bb95b78393d,TCGA-WY-A85C-01A,TCGA_LGG,TCGA-WY-A85C-01Z-00-DX1.npy,0,0,0,LGG_IDHmut-non-codel,1.0,861.4856061
558,TCGA-WY-A85D,-1.3682,-1.3562,-1.3337,caf57984-6baf-4eb3-9fb9-b4181d078ab9,TCGA-WY-A85D-01A,TCGA_LGG,TCGA-WY-A85D-01Z-00-DX1.npy,0,0,0,LGG_IDHmut-non-codel,1.0,1657.102653
559,TCGA-WY-A85E,-0.3632,-0.2122,-1.3337,a5859eca-5953-43ae-820c-9aa6406c6fe8,TCGA-WY-A85E-01A,TCGA_LGG,TCGA-WY-A85E-01Z-00-DX1.npy,0,0,0,LGG_IDHmut-non-codel,1.0,2407.6635929999998
